Unnamed: 0,Bucket Range,Records,Records (%),High Risk Ratio,Low Risk Ratio,WoE,col_name
1,"(-inf, 0.50)","1,781,105",8.02,22.91,77.09,-1.3006435209639389,ACTV_30_DYS_avg
2,"[0.50, 1.00)","904,401",4.07,19.14,80.86,-1.0734696541841595,ACTV_30_DYS_avg
3,"[1.00, inf)","19,287,915",86.87,4.61,95.39,0.5148297817279093,ACTV_30_DYS_avg
4,Missing,"228,985",1.03,83.56,16.44,-4.140236066600819,ACTV_30_DYS_avg
Totals, ,"22,202,406",100.0,7.49,92.51, ,ACTV_30_DYS_avg
1,"(-inf, 50.00)","1,793,496",8.08,23.09,76.91,-1.3110730762914575,ACTV_30_DYS_norm
2,"[50.00, inf)","20,179,925",90.89,5.24,94.76,0.3814914702923166,ACTV_30_DYS_norm
3,Missing,"228,985",1.03,83.56,16.44,-4.140236066600819,ACTV_30_DYS_norm
Totals, ,"22,202,406",100.0,7.49,92.51, ,ACTV_30_DYS_norm
1,"(-inf, 1.00)","2,194,865",9.89,12.12,87.88,-0.5330559717058005,ACTV_60_DYS_avg
2,"[1.00, inf)","19,778,556",89.08,6.09,93.91,0.2211435678226565,ACTV_60_DYS_avg
3,Missing,"228,985",1.03,83.56,16.44,-4.140236066600819,ACTV_60_DYS_avg
Totals, ,"22,202,406",100.0,7.49,92.51, ,ACTV_60_DYS_avg
1,"(-inf, 100.00)","2,320,039",10.45,13.95,86.05,-0.6948824208859912,ACTV_60_DYS_norm
2,"[100.00, inf)","19,653,382",88.52,5.84,94.16,0.2665497933198777,ACTV_60_DYS_norm
3,Missing,"228,985",1.03,83.56,16.44,-4.140236066600819,ACTV_60_DYS_norm
Totals, ,"22,202,406",100.0,7.49,92.51, ,ACTV_60_DYS_norm
1,"(-inf, 0.13)","1,244,839",5.61,0.64,99.36,2.536508273208581,ACTV_90_DYS_avg
2,"[0.13, 0.54)","429,627",1.94,4.87,95.13,0.4589221223702937,ACTV_90_DYS_avg
3,"[0.54, 0.71)","139,996",0.63,6.7,93.3,0.1199138117241318,ACTV_90_DYS_avg
4,"[0.71, inf)","20,158,959",90.8,7.11,92.89,0.0561557153976353,ACTV_90_DYS_avg
5,Missing,"228,985",1.03,83.56,16.44,-4.140236066600819,ACTV_90_DYS_avg
Totals, ,"22,202,406",100.0,7.49,92.51, ,ACTV_90_DYS_avg
1,"(-inf, 25.00)","1,245,831",5.61,0.66,99.34,2.4944032240910143,ACTV_90_DYS_norm
2,"[25.00, inf)","20,727,590",93.36,7.06,92.94,0.0638381865751358,ACTV_90_DYS_norm
3,Missing,"228,985",1.03,83.56,16.44,-4.140236066600819,ACTV_90_DYS_norm
Totals, ,"22,202,406",100.0,7.49,92.51, ,ACTV_90_DYS_norm
1,['Verified' 'None' 'Unknown' 'CONSUMER'],"22,202,406",100.0,7.49,92.51,0.0,ADR_CRDT_VERI_STS_mode
2,Missing,0,0.0,0.0,0.0,0.0,ADR_CRDT_VERI_STS_mode
Totals, ,"22,202,406",100.0,7.49,92.51, ,ADR_CRDT_VERI_STS_mode
1,"(-inf, 123.86)","3,887,502",17.51,10.18,89.82,-0.3368040911146006,ARPU_12_avg
2,"[123.86, 124.98)","43,768",0.2,9.6,90.4,-0.2712891144259846,ARPU_12_avg
3,"[124.98, 149.99)","1,148,475",5.17,8.41,91.59,-0.1264518706762474,ARPU_12_avg
4,"[149.99, 200.00)","2,523,080",11.36,7.21,92.79,0.0408109175132405,ARPU_12_avg
5,"[200.00, 324.97)","5,452,783",24.56,6.91,93.09,0.0858596287863102,ARPU_12_avg
6,"[324.97, inf)","9,146,125",41.19,6.63,93.37,0.1303004427999057,ARPU_12_avg
7,Missing,673,0.0,30.31,69.69,-1.681742525313659,ARPU_12_avg
Totals, ,"22,202,406",100.0,7.49,92.51, ,ARPU_12_avg
1,"(-inf, 124.98)","3,539,878",15.94,9.97,90.03,-0.3136162406160592,ARPU_12_sum
2,"[124.98, 149.99)","936,613",4.22,8.78,91.22,-0.1738191124294967,ARPU_12_sum
3,"[149.99, 199.99)","2,027,295",9.13,7.4,92.6,0.012129202086426,ARPU_12_sum
4,"[199.99, inf)","15,697,947",70.7,6.86,93.14,0.094285820727832,ARPU_12_sum
5,Missing,673,0.0,30.31,69.69,-1.681742525313659,ARPU_12_sum
Totals, ,"22,202,406",100.0,7.49,92.51, ,ARPU_12_sum
1,"(-inf, 1299.89)","21,868,330",98.5,7.4,92.6,0.0124873626924153,ARPU_1_avg
2,"[1299.89, 1749.83)","204,050",0.92,7.58,92.42,-0.0140252339582236,ARPU_1_avg
3,"[1749.83, 1999.41)","40,381",0.18,9.37,90.63,-0.2444573525223026,ARPU_1_avg
4,"[1999.41, 2336.99)","28,442",0.13,12.62,87.38,-0.5794392702144624,ARPU_1_avg
5,"[2336.99, 2909.29)","22,572",0.1,18.2,81.8,-1.011636260403389,ARPU_1_avg
6,"[2909.29, inf)","37,958",0.17,43.9,56.1,-2.2690506609819785,ARPU_1_avg
7,Missing,673,0.0,30.31,69.69,-1.681742525313659,ARPU_1_avg
Totals, ,"22,202,406",100.0,7.49,92.51, ,ARPU_1_avg
1,"(-inf, 50.00)","1,427,923",6.43,21.53,78.47,-1.2208574753728327,ARPU_1_sum
2,"[50.00, 150.17)","2,057,452",9.27,6.73,93.27,0.1145162730610915,ARPU_1_sum
3,"[150.17, 325.17)","6,116,244",27.55,6.5,93.5,0.1516376951706033,ARPU_1_sum
4,"[325.17, inf)","12,600,114",56.75,6.5,93.5,0.1526516425428927,ARPU_1_sum
5,Missing,673,0.0,30.31,69.69,-1.681742525313659,ARPU_1_sum
Totals, ,"22,202,406",100.0,7.49,92.51, ,ARPU_1_sum
1,"(-inf, 0.00)","248,543",1.12,17.11,82.89,-0.9366091988610388,ARPU_3_avg
2,"[0.00, 108.39)","2,084,683",9.39,9.9,90.1,-0.3063849849326492,ARPU_3_avg
3,"[108.39, 125.01)","455,198",2.05,8.61,91.39,-0.1519145004456352,ARPU_3_avg
4,"[125.01, 150.02)","1,091,789",4.92,7.59,92.41,-0.0148375583529185,ARPU_3_avg
5,"[150.02, inf)","18,321,520",82.52,7.05,92.95,0.0654096164675284,ARPU_3_avg
6,Missing,673,0.0,30.31,69.69,-1.681742525313659,ARPU_3_avg
Totals, ,"22,202,406",100.0,7.49,92.51, ,ARPU_3_avg
1,"(-inf, 0.00)","248,543",1.12,17.11,82.89,-0.9366091988610388,ARPU_3_sum
2,"[0.00, 108.33)","1,896,721",8.54,9.96,90.04,-0.3128222175497277,ARPU_3_sum
3,"[108.33, 125.00)","369,562",1.66,9.02,90.98,-0.2032115211650396,ARPU_3_sum
4,"[125.00, 134.15)","391,233",1.76,7.98,92.02,-0.0686566552969161,ARPU_3_sum
5,"[134.15, 150.02)","500,545",2.25,7.85,92.15,-0.051299536329719,ARPU_3_sum
6,"[150.02, inf)","18,795,129",84.65,7.06,92.94,0.0634833486478663,ARPU_3_sum
7,Missing,673,0.0,30.31,69.69,-1.681742525313659,ARPU_3_sum
Totals, ,"22,202,406",100.0,7.49,92.51, ,ARPU_3_sum
1,"(-inf, 13.33)","364,255",1.64,0.16,99.84,3.892805939840689,ARPU_6_avg
2,"[13.33, 19.97)","84,201",0.38,0.88,99.12,2.2153574880427467,ARPU_6_avg
3,"[19.97, 24.98)","99,559",0.45,1.68,98.32,1.5543520482454998,ARPU_6_avg
4,"[24.98, 33.33)","151,729",0.68,2.67,97.33,1.0818451637313289,ARPU_6_avg
5,"[33.33, 41.59)","144,902",0.65,4.61,95.39,0.5158317161793433,ARPU_6_avg
6,"[41.59, 49.16)","136,002",0.61,5.29,94.71,0.3717312345784478,ARPU_6_avg
7,"[49.16, 54.17)","185,556",0.84,5.7,94.3,0.2926615330080682,ARPU_6_avg
8,"[54.17, 57.46)","85,017",0.38,6.44,93.56,0.1622581156002689,ARPU_6_avg
9,"[57.46, 62.36)","112,081",0.5,6.83,93.17,0.0983336543746884,ARPU_6_avg
10,"[62.36, 786.58)","19,590,252",88.23,7.72,92.28,-0.0327969605994074,ARPU_6_avg
11,"[786.58, 878.63)","376,142",1.69,7.85,92.15,-0.05160972740578,ARPU_6_avg
12,"[878.63, 1820.05)","812,204",3.66,8.51,91.49,-0.1397504446281132,ARPU_6_avg
13,"[1820.05, 2074.41)","22,694",0.1,9.68,90.32,-0.2810395593462043,ARPU_6_avg
14,"[2074.41, inf)","37,139",0.17,12.72,87.28,-0.5880173627634293,ARPU_6_avg
15,Missing,673,0.0,30.31,69.69,-1.681742525313659,ARPU_6_avg
Totals, ,"22,202,406",100.0,7.49,92.51, ,ARPU_6_avg
1,"(-inf, 16.67)","399,704",1.8,0.21,99.79,3.670455217812222,ARPU_6_sum
2,"[16.67, 24.17)","122,509",0.55,1.36,98.64,1.7710590903752008,ARPU_6_sum
3,"[24.17, 33.33)","157,190",0.71,2.55,97.45,1.1283412854891024,ARPU_6_sum
4,"[33.33, 41.63)","136,387",0.61,4.47,95.53,0.547397261494734,ARPU_6_sum
5,"[41.63, 49.16)","126,848",0.57,5.02,94.98,0.4253118710057006,ARPU_6_sum
6,"[49.16, 54.17)","175,057",0.79,5.56,94.44,0.3175071489257504,ARPU_6_sum
7,"[54.17, 57.46)","79,200",0.36,6.31,93.69,0.1841688213315424,ARPU_6_sum
8,"[57.46, 62.43)","104,952",0.47,6.6,93.4,0.1354158754712893,ARPU_6_sum
9,"[62.43, 879.12)","17,343,976",78.12,7.34,92.66,0.0220119711515014,ARPU_6_sum
10,"[879.12, 997.95)","679,824",3.06,7.92,92.08,-0.0604329700678705,ARPU_6_sum
11,"[997.95, 1103.66)","483,528",2.18,8.38,91.62,-0.1218673517088611,ARPU_6_sum
12,"[1103.66, 1255.55)","535,582",2.41,8.81,91.19,-0.1776607020924117,ARPU_6_sum
13,"[1255.55, 1409.73)","410,988",1.85,9.28,90.72,-0.2337399090902945,ARPU_6_sum
14,"[1409.73, 1572.42)","324,239",1.46,9.78,90.22,-0.2924333905780765,ARPU_6_sum
15,"[1572.42, 1710.04)","211,322",0.95,10.27,89.73,-0.3470184048485603,ARPU_6_sum
16,"[1710.04, 1931.00)","251,269",1.13,11.1,88.9,-0.433865589403005,ARPU_6_sum
17,"[1931.00, 2172.47)","190,309",0.86,11.9,88.1,-0.5126033322874788,ARPU_6_sum
18,"[2172.47, 2376.55)","113,148",0.51,12.59,87.41,-0.5766523083498103,ARPU_6_sum
19,"[2376.55, 2908.09)","173,278",0.78,13.66,86.34,-0.6707087423092308,ARPU_6_sum
20,"[2908.09, 3408.30)","77,425",0.35,14.93,85.07,-0.7743723314960647,ARPU_6_sum
21,"[3408.30, inf)","104,998",0.47,15.24,84.76,-0.7981263864883372,ARPU_6_sum
22,Missing,673,0.0,30.31,69.69,-1.681742525313659,ARPU_6_sum
Totals, ,"22,202,406",100.0,7.49,92.51, ,ARPU_6_sum
1,['None' 'N' 'Y'],"22,202,406",100.0,7.49,92.51,0.0,BAD_DBT_FLG_mode
2,Missing,0,0.0,0.0,0.0,0.0,BAD_DBT_FLG_mode
Totals, ,"22,202,406",100.0,7.49,92.51, ,BAD_DBT_FLG_mode
1,"(-inf, 97.47)","3,569,295",16.08,13.33,86.67,-0.6422582453239072,BAR_FLG_M6_N_norm
2,"[97.47, inf)","18,633,111",83.92,6.37,93.63,0.1740131402430642,BAR_FLG_M6_N_norm
3,Missing,0,0.0,0.0,0.0,0.0,BAR_FLG_M6_N_norm
Totals, ,"22,202,406",100.0,7.49,92.51, ,BAR_FLG_M6_N_norm
1,"(-inf, 1.28)","21,524,982",96.95,6.36,93.64,0.1749277376729905,BAR_FLG_M6_Y_norm
2,"[1.28, 20.71)","24,704",0.11,36.59,63.41,-1.964519388531653,BAR_FLG_M6_Y_norm
3,"[20.71, 25.54)","25,909",0.12,37.57,62.43,-2.0063833709400205,BAR_FLG_M6_Y_norm
4,"[25.54, 34.06)","58,347",0.26,39.0,61.0,-2.067105430503463,BAR_FLG_M6_Y_norm
5,"[34.06, 52.78)","146,702",0.66,41.75,58.25,-2.1810661581780666,BAR_FLG_M6_Y_norm
6,"[52.78, inf)","421,762",1.9,45.07,54.93,-2.316563175540688,BAR_FLG_M6_Y_norm
7,Missing,0,0.0,0.0,0.0,0.0,BAR_FLG_M6_Y_norm
Totals, ,"22,202,406",100.0,7.49,92.51, ,BAR_FLG_M6_Y_norm
1,"(-inf, inf)","22,202,406",100.0,7.49,92.51,0.0,BAR_FLG_N_norm
2,Missing,0,0.0,0.0,0.0,0.0,BAR_FLG_N_norm
Totals, ,"22,202,406",100.0,7.49,92.51, ,BAR_FLG_N_norm
1,"(-inf, inf)","22,202,406",100.0,7.49,92.51,0.0,BAR_FLG_Y_norm
2,Missing,0,0.0,0.0,0.0,0.0,BAR_FLG_Y_norm
Totals, ,"22,202,406",100.0,7.49,92.51, ,BAR_FLG_Y_norm
1,"(-inf, 1299.89)","21,868,803",98.5,7.4,92.6,0.0126388444285479,BILL_AMT_M1_avg
2,"[1299.89, 1749.83)","203,294",0.92,7.61,92.39,-0.0171327510347012,BILL_AMT_M1_avg
3,"[1749.83, 1999.41)","40,262",0.18,9.39,90.61,-0.2477141049458575,BILL_AMT_M1_avg
4,"[1999.41, 2336.99)","28,354",0.13,12.65,87.35,-0.5817101776913467,BILL_AMT_M1_avg
5,"[2336.99, 2909.29)","22,484",0.1,18.26,81.74,-1.0155203214337707,BILL_AMT_M1_avg
6,"[2909.29, inf)","37,832",0.17,44.04,55.96,-2.274770892321666,BILL_AMT_M1_avg
7,Missing,"1,377",0.01,30.36,69.64,-1.6838156575570404,BILL_AMT_M1_avg
Totals, ,"22,202,406",100.0,7.49,92.51, ,BILL_AMT_M1_avg
1,"(-inf, 13.94)","1,766,398",7.96,0.38,99.62,3.0634801453951974,BILL_OUTSTANDING_M1_avg
2,"[13.94, 145.97)","2,153,613",9.7,0.65,99.35,2.514450764033968,BILL_OUTSTANDING_M1_avg
3,"[145.97, 208.99)","2,440,713",10.99,1.35,98.65,1.7789918837124503,BILL_OUTSTANDING_M1_avg
4,"[208.99, 242.03)","1,737,973",7.83,1.71,98.29,1.5381741966081517,BILL_OUTSTANDING_M1_avg
5,"[242.03, 251.15)","337,649",1.52,2.1,97.9,1.3265787048066162,BILL_OUTSTANDING_M1_avg
6,"[251.15, 293.75)","1,752,181",7.89,2.74,97.26,1.0550709450736258,BILL_OUTSTANDING_M1_avg
7,"[293.75, 313.99)","664,441",2.99,3.24,96.76,0.8819497406699184,BILL_OUTSTANDING_M1_avg
8,"[313.99, 375.87)","2,564,803",11.55,3.7,96.3,0.7448960944016556,BILL_OUTSTANDING_M1_avg
9,"[375.87, 403.90)","1,012,968",4.56,4.34,95.66,0.5798142557334116,BILL_OUTSTANDING_M1_avg
10,"[403.90, 416.58)","382,563",1.72,5.18,94.82,0.3936294645171578,BILL_OUTSTANDING_M1_avg
11,"[416.58, 471.48)","1,464,078",6.59,7.08,92.92,0.0605483278573641,BILL_OUTSTANDING_M1_avg
12,"[471.48, 522.24)","970,232",4.37,10.15,89.85,-0.3340483736202473,BILL_OUTSTANDING_M1_avg
13,"[522.24, 602.75)","1,126,024",5.07,11.81,88.19,-0.5032567699886488,BILL_OUTSTANDING_M1_avg
14,"[602.75, 680.65)","884,517",3.98,13.66,86.34,-0.6702409818320865,BILL_OUTSTANDING_M1_avg
15,"[680.65, 783.72)","823,483",3.71,18.23,81.77,-1.0136933923637357,BILL_OUTSTANDING_M1_avg
16,"[783.72, 939.53)","763,715",3.44,22.81,77.19,-1.2953374190579474,BILL_OUTSTANDING_M1_avg
17,"[939.53, 1015.67)","227,490",1.02,27.12,72.88,-1.5255426588771193,BILL_OUTSTANDING_M1_avg
18,"[1015.67, 1174.29)","349,279",1.57,32.77,67.23,-1.795466768782116,BILL_OUTSTANDING_M1_avg
19,"[1174.29, 1532.59)","400,263",1.8,39.68,60.32,-2.095551248959691,BILL_OUTSTANDING_M1_avg
20,"[1532.59, 1878.76)","153,538",0.69,47.74,52.26,-2.423814796161824,BILL_OUTSTANDING_M1_avg
21,"[1878.76, 2131.12)","59,986",0.27,56.68,43.32,-2.7830278930713392,BILL_OUTSTANDING_M1_avg
22,"[2131.12, 2717.67)","70,453",0.32,64.45,35.55,-3.1093013453188894,BILL_OUTSTANDING_M1_avg
23,"[2717.67, 3365.33)","33,184",0.15,72.4,27.6,-3.478734062980002,BILL_OUTSTANDING_M1_avg
24,"[3365.33, 4363.45)","24,280",0.11,79.71,20.29,-3.882597116676127,BILL_OUTSTANDING_M1_avg
25,"[4363.45, inf)","37,205",0.17,85.87,14.13,-4.318552853309388,BILL_OUTSTANDING_M1_avg
26,Missing,"1,377",0.01,30.36,69.64,-1.6838156575570404,BILL_OUTSTANDING_M1_avg
Totals, ,"22,202,406",100.0,7.49,92.51, ,BILL_OUTSTANDING_M1_avg
1,"(-inf, 16.05)","1,767,024",7.96,0.37,99.63,3.092137542254223,BILL_OUTSTANDING_M1_sum
2,"[16.05, 147.00)","1,735,157",7.82,0.47,99.53,2.844494076421367,BILL_OUTSTANDING_M1_sum
3,"[147.00, 209.00)","1,882,593",8.48,1.14,98.86,1.9467350956965117,BILL_OUTSTANDING_M1_sum
4,"[209.00, 251.17)","1,656,399",7.46,1.42,98.58,1.7289173060554894,BILL_OUTSTANDING_M1_sum
5,"[251.17, 313.96)","1,798,454",8.1,2.26,97.74,1.2527222990395883,BILL_OUTSTANDING_M1_sum
6,"[313.96, 375.90)","2,039,228",9.18,2.85,97.15,1.0155800474158072,BILL_OUTSTANDING_M1_sum
7,"[375.90, 409.82)","954,050",4.3,3.24,96.76,0.8822083977054178,BILL_OUTSTANDING_M1_sum
8,"[409.82, 415.60)","131,154",0.59,4.11,95.89,0.6356364499542249,BILL_OUTSTANDING_M1_sum
9,"[415.60, 471.49)","1,237,392",5.57,5.55,94.45,0.3200358961399692,BILL_OUTSTANDING_M1_sum
10,"[471.49, 619.41)","2,112,956",9.52,8.22,91.78,-0.1019970117659969,BILL_OUTSTANDING_M1_sum
11,"[619.41, 681.23)","770,994",3.47,9.56,90.44,-0.2673509834915957,BILL_OUTSTANDING_M1_sum
12,"[681.23, 784.62)","1,066,744",4.8,11.53,88.47,-0.47610433949322,BILL_OUTSTANDING_M1_sum
13,"[784.62, 1012.61)","1,584,692",7.14,13.55,86.45,-0.6612731328301511,BILL_OUTSTANDING_M1_sum
14,"[1012.61, 1173.57)","760,618",3.43,16.59,83.41,-0.8994992046342969,BILL_OUTSTANDING_M1_sum
15,"[1173.57, 1536.68)","1,092,426",4.92,19.06,80.94,-1.068344040231043,BILL_OUTSTANDING_M1_sum
16,"[1536.68, 1837.34)","516,703",2.33,21.21,78.79,-1.2017532428861772,BILL_OUTSTANDING_M1_sum
17,"[1837.34, 2198.06)","379,072",1.71,24.67,75.33,-1.3979906628038832,BILL_OUTSTANDING_M1_sum
18,"[2198.06, 2511.49)","205,523",0.93,28.47,71.53,-1.59297364001218,BILL_OUTSTANDING_M1_sum
19,"[2511.49, 3035.70)","200,517",0.9,32.42,67.58,-1.7794927122520892,BILL_OUTSTANDING_M1_sum
20,"[3035.70, 3577.68)","109,198",0.49,38.36,61.64,-2.039993334560465,BILL_OUTSTANDING_M1_sum
21,"[3577.68, 4274.74)","74,006",0.33,44.92,55.08,-2.3104585506744657,BILL_OUTSTANDING_M1_sum
22,"[4274.74, 4742.51)","29,052",0.13,51.6,48.4,-2.5781324882532592,BILL_OUTSTANDING_M1_sum
23,"[4742.51, 5270.04)","23,092",0.1,57.41,42.59,-2.8128035628914123,BILL_OUTSTANDING_M1_sum
24,"[5270.04, 7351.19)","43,565",0.2,64.03,35.97,-3.0910243711668004,BILL_OUTSTANDING_M1_sum
25,"[7351.19, inf)","30,420",0.14,68.97,31.03,-3.3129925238474787,BILL_OUTSTANDING_M1_sum
26,Missing,"1,377",0.01,30.36,69.64,-1.6838156575570404,BILL_OUTSTANDING_M1_sum
Totals, ,"22,202,406",100.0,7.49,92.51, ,BILL_OUTSTANDING_M1_sum
1,"(-inf, 3.33)","1,422,812",6.41,1.87,98.13,1.443856216771969,BILL_OUTSTANDING_M3_avg
2,"[3.33, 6.73)","40,929",0.18,3.14,96.86,0.9141524619971366,BILL_OUTSTANDING_M3_avg
3,"[6.73, 224.90)","5,469,797",24.64,5.0,95.0,0.4299552565303246,BILL_OUTSTANDING_M3_avg
4,"[224.90, 283.50)","2,444,374",11.01,5.35,94.65,0.3585328992445022,BILL_OUTSTANDING_M3_avg
5,"[283.50, 374.58)","3,511,048",15.81,5.8,94.2,0.2739928611079727,BILL_OUTSTANDING_M3_avg
6,"[374.58, 405.97)","1,108,999",4.99,6.18,93.82,0.2062254966170309,BILL_OUTSTANDING_M3_avg
7,"[405.97, 417.62)","339,732",1.53,6.76,93.24,0.1097830795668128,BILL_OUTSTANDING_M3_avg
8,"[417.62, 460.85)","1,180,632",5.32,7.5,92.5,-0.0015240356703567,BILL_OUTSTANDING_M3_avg
9,"[460.85, 471.84)","229,874",1.04,8.16,91.84,-0.09355397155859,BILL_OUTSTANDING_M3_avg
10,"[471.84, 514.07)","802,089",3.61,9.05,90.95,-0.2072093568851452,BILL_OUTSTANDING_M3_avg
11,"[514.07, 558.69)","685,003",3.09,9.52,90.48,-0.2628253910204914,BILL_OUTSTANDING_M3_avg
12,"[558.69, 678.25)","1,358,322",6.12,10.6,89.4,-0.3819032105707256,BILL_OUTSTANDING_M3_avg
13,"[678.25, 784.62)","810,559",3.65,12.77,87.23,-0.593092553850378,BILL_OUTSTANDING_M3_avg
14,"[784.62, 847.27)","348,088",1.57,14.44,85.56,-0.7353139588768594,BILL_OUTSTANDING_M3_avg
15,"[847.27, 939.52)","355,340",1.6,15.68,84.32,-0.8319217315116298,BILL_OUTSTANDING_M3_avg
16,"[939.52, 1022.31)","222,140",1.0,17.67,82.33,-0.9752609191435242,BILL_OUTSTANDING_M3_avg
17,"[1022.31, 1174.29)","292,267",1.32,21.07,78.93,-1.1934594807353782,BILL_OUTSTANDING_M3_avg
18,"[1174.29, 1412.08)","263,400",1.19,23.97,76.03,-1.3596924343952248,BILL_OUTSTANDING_M3_avg
19,"[1412.08, 1513.41)","67,061",0.3,26.06,73.94,-1.4715975956289076,BILL_OUTSTANDING_M3_avg
20,"[1513.41, 1644.23)","63,344",0.29,28.06,71.94,-1.5727124099562144,BILL_OUTSTANDING_M3_avg
21,"[1644.23, 1888.49)","75,217",0.34,31.35,68.65,-1.730200394489428,BILL_OUTSTANDING_M3_avg
22,"[1888.49, 2130.46)","44,525",0.2,37.19,62.81,-1.990357864873337,BILL_OUTSTANDING_M3_avg
23,"[2130.46, 2485.39)","37,332",0.17,41.15,58.85,-2.156333727708497,BILL_OUTSTANDING_M3_avg
24,"[2485.39, 3306.20)","36,314",0.16,48.04,51.96,-2.4357580107488825,BILL_OUTSTANDING_M3_avg
25,"[3306.20, inf)","29,915",0.13,56.68,43.32,-2.7829203845691954,BILL_OUTSTANDING_M3_avg
26,Missing,"963,293",4.34,4.9,95.1,0.4522341143557766,BILL_OUTSTANDING_M3_avg
Totals, ,"22,202,406",100.0,7.49,92.51, ,BILL_OUTSTANDING_M3_avg
1,"(-inf, 3.32)","1,419,501",6.39,1.87,98.13,1.445272448884916,BILL_OUTSTANDING_M3_sum
2,"[3.32, 6.73)","38,853",0.17,2.92,97.08,0.9910961758036652,BILL_OUTSTANDING_M3_sum
3,"[6.73, 285.76)","6,336,199",28.54,5.02,94.98,0.4264189494166093,BILL_OUTSTANDING_M3_sum
4,"[285.76, 379.89)","2,773,510",12.49,5.15,94.85,0.3984088400357204,BILL_OUTSTANDING_M3_sum
5,"[379.89, 409.74)","841,489",3.79,5.42,94.58,0.3454658387643894,BILL_OUTSTANDING_M3_sum
6,"[409.74, 465.08)","1,231,725",5.55,6.4,93.6,0.1688920585638653,BILL_OUTSTANDING_M3_sum
7,"[465.08, 565.96)","1,527,524",6.88,7.74,92.26,-0.0357379691041868,BILL_OUTSTANDING_M3_sum
8,"[565.96, 680.60)","1,359,726",6.12,8.32,91.68,-0.1151886128439079,BILL_OUTSTANDING_M3_sum
9,"[680.60, 784.65)","1,037,292",4.67,9.32,90.68,-0.2390897219158207,BILL_OUTSTANDING_M3_sum
10,"[784.65, 862.01)","619,837",2.79,10.15,89.85,-0.3340976211873583,BILL_OUTSTANDING_M3_sum
11,"[862.01, 1012.49)","888,723",4.0,10.77,89.23,-0.3999660484840777,BILL_OUTSTANDING_M3_sum
12,"[1012.49, 1173.98)","717,010",3.23,12.43,87.57,-0.5622540518223174,BILL_OUTSTANDING_M3_sum
13,"[1173.98, 1412.66)","739,466",3.33,13.67,86.33,-0.6710684049441298,BILL_OUTSTANDING_M3_sum
14,"[1412.66, 1542.55)","287,949",1.3,14.23,85.77,-0.7176482459457518,BILL_OUTSTANDING_M3_sum
15,"[1542.55, 1774.91)","386,150",1.74,15.31,84.69,-0.8035229516971114,BILL_OUTSTANDING_M3_sum
16,"[1774.91, 1883.33)","136,358",0.61,16.38,83.62,-0.8838194347979509,BILL_OUTSTANDING_M3_sum
17,"[1883.33, 2197.96)","292,922",1.32,17.87,82.13,-0.9891112975830184,BILL_OUTSTANDING_M3_sum
18,"[2197.96, 2571.08)","213,266",0.96,19.85,80.15,-1.1183731878598266,BILL_OUTSTANDING_M3_sum
19,"[2571.08, 2824.39)","93,970",0.42,21.99,78.01,-1.2480999600449731,BILL_OUTSTANDING_M3_sum
20,"[2824.39, 3301.40)","111,610",0.5,24.27,75.73,-1.3765479942920855,BILL_OUTSTANDING_M3_sum
21,"[3301.40, 3759.18)","61,153",0.28,27.14,72.86,-1.5267831250272952,BILL_OUTSTANDING_M3_sum
22,"[3759.18, 4400.26)","47,790",0.22,30.77,69.23,-1.7032346333442292,BILL_OUTSTANDING_M3_sum
23,"[4400.26, 5271.80)","32,289",0.15,33.89,66.11,-1.846199140585992,BILL_OUTSTANDING_M3_sum
24,"[5271.80, 6747.67)","22,496",0.1,37.78,62.22,-2.015141679340994,BILL_OUTSTANDING_M3_sum
25,"[6747.67, inf)","22,305",0.1,42.72,57.28,-2.2209966693690624,BILL_OUTSTANDING_M3_sum
26,Missing,"963,293",4.34,4.9,95.1,0.4522341143557766,BILL_OUTSTANDING_M3_sum
Totals, ,"22,202,406",100.0,7.49,92.51, ,BILL_OUTSTANDING_M3_sum
1,"(-inf, 6.74)","1,225,581",5.52,5.28,94.72,0.3720019703081321,BILL_OUTSTANDING_M6_avg
2,"[6.74, 228.61)","5,335,921",24.03,5.6,94.4,0.3102711875431332,BILL_OUTSTANDING_M6_avg
3,"[228.61, 253.12)","1,004,012",4.52,5.74,94.26,0.2843409108181696,BILL_OUTSTANDING_M6_avg
4,"[253.12, 285.00)","1,255,078",5.65,5.77,94.23,0.2791636705657003,BILL_OUTSTANDING_M6_avg
5,"[285.00, 377.07)","3,401,864",15.32,6.06,93.94,0.2270514896689581,BILL_OUTSTANDING_M6_avg
6,"[377.07, 410.80)","1,129,147",5.09,6.22,93.78,0.198302878731905,BILL_OUTSTANDING_M6_avg
7,"[410.80, 417.30)","179,396",0.81,6.63,93.37,0.1301057699572849,BILL_OUTSTANDING_M6_avg
8,"[417.30, 441.47)","672,100",3.03,7.01,92.99,0.0716643870325759,BILL_OUTSTANDING_M6_avg
9,"[441.47, 471.51)","667,856",3.01,7.37,92.63,0.0164215796940618,BILL_OUTSTANDING_M6_avg
10,"[471.51, 514.07)","761,541",3.43,7.94,92.06,-0.0633682453821125,BILL_OUTSTANDING_M6_avg
11,"[514.07, 547.93)","500,314",2.25,8.16,91.84,-0.0939648987540247,BILL_OUTSTANDING_M6_avg
12,"[547.93, 670.39)","1,346,088",6.06,8.43,91.57,-0.1290991012466484,BILL_OUTSTANDING_M6_avg
13,"[670.39, 704.99)","293,543",1.32,8.76,91.24,-0.1712531098480738,BILL_OUTSTANDING_M6_avg
14,"[704.99, 766.28)","424,992",1.91,9.21,90.79,-0.2256067957867595,BILL_OUTSTANDING_M6_avg
15,"[766.28, 830.89)","337,210",1.52,9.57,90.43,-0.2684538601536328,BILL_OUTSTANDING_M6_avg
16,"[830.89, 966.91)","460,005",2.07,10.21,89.79,-0.3396565868286716,BILL_OUTSTANDING_M6_avg
17,"[966.91, 1022.97)","123,349",0.56,10.94,89.06,-0.4170594736118076,BILL_OUTSTANDING_M6_avg
18,"[1022.97, 1163.25)","229,286",1.03,11.39,88.61,-0.4625575239356494,BILL_OUTSTANDING_M6_avg
19,"[1163.25, 1468.12)","257,019",1.16,12.46,87.54,-0.5644186979326369,BILL_OUTSTANDING_M6_avg
20,"[1468.12, 1649.60)","72,949",0.33,13.55,86.45,-0.6612106880758737,BILL_OUTSTANDING_M6_avg
21,"[1649.60, 1867.98)","51,545",0.23,14.64,85.36,-0.7513864776464325,BILL_OUTSTANDING_M6_avg
22,"[1867.98, 2379.06)","54,462",0.25,16.57,83.43,-0.8981626530844298,BILL_OUTSTANDING_M6_avg
23,"[2379.06, 2999.21)","23,077",0.1,19.14,80.86,-1.0735838014985355,BILL_OUTSTANDING_M6_avg
24,"[2999.21, inf)","22,297",0.1,21.08,78.92,-1.1940593756621107,BILL_OUTSTANDING_M6_avg
25,Missing,"2,373,774",10.69,13.39,86.61,-0.6474840346817079,BILL_OUTSTANDING_M6_avg
Totals, ,"22,202,406",100.0,7.49,92.51, ,BILL_OUTSTANDING_M6_avg
1,"(-inf, 6.73)","1,221,052",5.5,5.28,94.72,0.3726517118576917,BILL_OUTSTANDING_M6_sum
2,"[6.73, 410.74)","9,558,253",43.05,5.6,94.4,0.3103595330956818,BILL_OUTSTANDING_M6_sum
3,"[410.74, 441.46)","701,475",3.16,5.97,94.03,0.2420084164886686,BILL_OUTSTANDING_M6_sum
4,"[441.46, 468.07)","497,306",2.24,6.32,93.68,0.1817275923295569,BILL_OUTSTANDING_M6_sum
5,"[468.07, 676.10)","2,629,555",11.84,6.62,93.38,0.1322429682347801,BILL_OUTSTANDING_M6_sum
6,"[676.10, 708.02)","337,134",1.52,6.82,93.18,0.1001934576153327,BILL_OUTSTANDING_M6_sum
7,"[708.02, 770.29)","573,589",2.58,7.09,92.91,0.0588916286040936,BILL_OUTSTANDING_M6_sum
8,"[770.29, 831.04)","473,375",2.13,7.32,92.68,0.0245366186145683,BILL_OUTSTANDING_M6_sum
9,"[831.04, 941.66)","683,198",3.08,7.78,92.22,-0.0409351838382794,BILL_OUTSTANDING_M6_sum
10,"[941.66, 1018.90)","377,505",1.7,8.18,91.82,-0.0965136668316861,BILL_OUTSTANDING_M6_sum
11,"[1018.90, 1118.23)","421,441",1.9,8.57,91.43,-0.1466318518396949,BILL_OUTSTANDING_M6_sum
12,"[1118.23, 1163.24)","165,925",0.75,8.96,91.04,-0.1961486401323671,BILL_OUTSTANDING_M6_sum
13,"[1163.24, 1247.84)","268,040",1.21,9.45,90.55,-0.253954995264483,BILL_OUTSTANDING_M6_sum
14,"[1247.84, 1427.83)","469,187",2.11,9.81,90.19,-0.29601624736293,BILL_OUTSTANDING_M6_sum
15,"[1427.83, 1532.68)","208,529",0.94,10.36,89.64,-0.3562413938557047,BILL_OUTSTANDING_M6_sum
16,"[1532.68, 1640.82)","178,897",0.81,10.88,89.12,-0.4110528306618648,BILL_OUTSTANDING_M6_sum
17,"[1640.82, 1790.72)","202,039",0.91,11.5,88.5,-0.4736920874280166,BILL_OUTSTANDING_M6_sum
18,"[1790.72, 1956.32)","172,351",0.78,12.14,87.86,-0.5352904160408221,BILL_OUTSTANDING_M6_sum
19,"[1956.32, 2236.98)","211,039",0.95,13.14,86.86,-0.6253177794133871,BILL_OUTSTANDING_M6_sum
20,"[2236.98, 2644.79)","186,310",0.84,14.58,85.42,-0.7466405809249457,BILL_OUTSTANDING_M6_sum
21,"[2644.79, 2931.23)","80,134",0.36,15.82,84.18,-0.8426179742988544,BILL_OUTSTANDING_M6_sum
22,"[2931.23, 3450.18)","86,303",0.39,16.96,83.04,-0.9260082330888926,BILL_OUTSTANDING_M6_sum
23,"[3450.18, 3974.40)","46,391",0.21,18.46,81.54,-1.0287695372839596,BILL_OUTSTANDING_M6_sum
24,"[3974.40, inf)","79,604",0.36,20.6,79.4,-1.164908636670351,BILL_OUTSTANDING_M6_sum
25,Missing,"2,373,774",10.69,13.39,86.61,-0.6474840346817079,BILL_OUTSTANDING_M6_sum
Totals, ,"22,202,406",100.0,7.49,92.51, ,BILL_OUTSTANDING_M6_sum
1,"(-inf, 1.54)","1,432,213",6.45,23.27,76.73,-1.3211445727640605,BILL_RENTALS_M1_avg
2,"[1.54, 325.00)","12,208,454",54.99,6.46,93.54,0.1577799258632812,BILL_RENTALS_M1_avg
3,"[325.00, 597.39)","6,854,799",30.87,6.31,93.69,0.1832994151326397,BILL_RENTALS_M1_avg
4,"[597.39, inf)","1,705,563",7.68,6.25,93.75,0.1935516321207524,BILL_RENTALS_M1_avg
5,Missing,"1,377",0.01,30.36,69.64,-1.6838156575570404,BILL_RENTALS_M1_avg
Totals, ,"22,202,406",100.0,7.49,92.51, ,BILL_RENTALS_M1_avg
1,"(-inf, 400.02)","17,963,035",80.91,7.55,92.45,-0.008450606189851,BILL_RENTALS_M2_avg
2,"[400.02, 775.02)","3,208,268",14.45,8.0,92.0,-0.0722151520261533,BILL_RENTALS_M2_avg
3,"[775.02, 1275.88)","472,651",2.13,8.31,91.69,-0.1130133741477048,BILL_RENTALS_M2_avg
4,"[1275.88, 1615.24)","62,791",0.28,10.46,89.54,-0.3672787744517931,BILL_RENTALS_M2_avg
5,"[1615.24, inf)","22,232",0.1,15.26,84.74,-0.8000105965345781,BILL_RENTALS_M2_avg
6,Missing,"473,429",2.13,0.18,99.82,3.7878161418830114,BILL_RENTALS_M2_avg
Totals, ,"22,202,406",100.0,7.49,92.51, ,BILL_RENTALS_M2_avg
1,"(-inf, 325.00)","14,838,205",66.83,49.4,50.6,0.024124797917834,BILL_RENTALS_M3_avg
2,"[325.00, 375.00)","1,932,009",8.7,50.19,49.81,-0.0074336569347751,BILL_RENTALS_M3_avg
3,"[375.00, 400.00)","634,210",2.86,51.27,48.73,-0.0508268249572007,BILL_RENTALS_M3_avg
4,"[400.00, 775.02)","3,369,466",15.18,53.67,46.33,-0.1471522405086865,BILL_RENTALS_M3_avg
5,"[775.02, 1275.88)","508,578",2.29,55.57,44.43,-0.2236026945519903,BILL_RENTALS_M3_avg
6,"[1275.88, 1604.77)","74,614",0.34,61.24,38.76,-0.4574335108810063,BILL_RENTALS_M3_avg
7,"[1604.77, inf)","35,090",0.16,71.29,28.71,-0.9096969267316932,BILL_RENTALS_M3_avg
8,Missing,"810,137",3.65,38.88,61.12,0.452235972051311,BILL_RENTALS_M3_avg
Totals, ,"22,202,309",100.0,50.0,50.0, ,BILL_RENTALS_M3_avg
1,"(-inf, 25.01)","1,111,795",5.01,3.52,96.48,0.7974756600595199,BILL_RENTALS_M4_avg
2,"[25.01, 200.00)","6,790,601",30.58,7.04,92.96,0.0664400357995527,BILL_RENTALS_M4_avg
3,"[200.00, 325.00)","6,717,388",30.26,7.21,92.79,0.0411513490649348,BILL_RENTALS_M4_avg
4,"[325.00, 400.01)","2,499,171",11.26,7.87,92.13,-0.0535872997702742,BILL_RENTALS_M4_avg
5,"[400.01, inf)","3,636,744",16.38,9.16,90.84,-0.2203029981550623,BILL_RENTALS_M4_avg
6,Missing,"1,446,707",6.52,9.07,90.93,-0.2089120785787841,BILL_RENTALS_M4_avg
Totals, ,"22,202,406",100.0,7.49,92.51, ,BILL_RENTALS_M4_avg
1,"(-inf, 35.48)","1,110,368",5.0,4.01,95.99,0.6607071754868037,BILL_RENTALS_M5_avg
2,"[35.48, 200.00)","6,617,516",29.81,6.6,93.4,0.1352288821837657,BILL_RENTALS_M5_avg
3,"[200.00, 325.00)","6,558,825",29.54,6.91,93.09,0.0856439368919455,BILL_RENTALS_M5_avg
4,"[325.00, 375.00)","1,870,619",8.43,7.56,92.44,-0.0107600763997099,BILL_RENTALS_M5_avg
5,"[375.00, inf)","4,126,362",18.59,8.78,91.22,-0.1737585692504009,BILL_RENTALS_M5_avg
6,Missing,"1,918,716",8.64,11.64,88.36,-0.487554621121923,BILL_RENTALS_M5_avg
Totals, ,"22,202,406",100.0,7.49,92.51, ,BILL_RENTALS_M5_avg
1,"(-inf, 200.00)","7,565,635",34.08,5.95,94.05,0.2456911833881232,BILL_RENTALS_M6_avg
2,"[200.00, 325.01)","6,404,907",28.85,6.57,93.43,0.1402708881777905,BILL_RENTALS_M6_avg
3,"[325.01, 400.02)","2,386,889",10.75,7.4,92.6,0.0128087724937722,BILL_RENTALS_M6_avg
4,"[400.02, inf)","3,471,201",15.63,8.54,91.46,-0.1432374047745321,BILL_RENTALS_M6_avg
5,Missing,"2,373,774",10.69,13.39,86.61,-0.6474840346817079,BILL_RENTALS_M6_avg
Totals, ,"22,202,406",100.0,7.49,92.51, ,BILL_RENTALS_M6_avg
1,"(-inf, 0.01)","5,033,376",22.67,16.79,83.21,-0.9139244402871014,BILL_USAGE_CHRGS_M1_avg
2,"[0.01, inf)","17,167,653",77.32,4.76,95.24,0.4827950519215793,BILL_USAGE_CHRGS_M1_avg
3,Missing,"1,377",0.01,30.36,69.64,-1.6838156575570404,BILL_USAGE_CHRGS_M1_avg
Totals, ,"22,202,406",100.0,7.49,92.51, ,BILL_USAGE_CHRGS_M1_avg
1,"(-inf, 0.01)","4,685,754",21.1,14.02,85.98,-0.7001975821420756,BILL_USAGE_CHRGS_M2_avg
2,"[0.01, 0.12)","63,464",0.29,7.95,92.05,-0.0647664210588003,BILL_USAGE_CHRGS_M2_avg
3,"[0.12, 0.17)","22,271",0.1,7.07,92.93,0.0614598726904094,BILL_USAGE_CHRGS_M2_avg
4,"[0.17, inf)","16,957,488",76.38,5.89,94.11,0.2578057270848766,BILL_USAGE_CHRGS_M2_avg
5,Missing,"473,429",2.13,0.18,99.82,3.7878161418830114,BILL_USAGE_CHRGS_M2_avg
Totals, ,"22,202,406",100.0,7.49,92.51, ,BILL_USAGE_CHRGS_M2_avg
1,"(-inf, 0.01)","4,359,436",19.63,12.28,87.72,-0.5482267148678541,BILL_USAGE_CHRGS_M3_avg
2,"[0.01, 0.13)","62,289",0.28,8.63,91.37,-0.1540352149789616,BILL_USAGE_CHRGS_M3_avg
3,"[0.13, 0.18)","22,922",0.1,7.73,92.27,-0.0346942466063242,BILL_USAGE_CHRGS_M3_avg
4,"[0.18, inf)","16,794,466",75.64,6.39,93.61,0.1708501351496623,BILL_USAGE_CHRGS_M3_avg
5,Missing,"963,293",4.34,4.9,95.1,0.4522341143557766,BILL_USAGE_CHRGS_M3_avg
Totals, ,"22,202,406",100.0,7.49,92.51, ,BILL_USAGE_CHRGS_M3_avg
1,"(-inf, 0.15)","4,124,971",18.58,10.3,89.7,-0.3503627389829047,BILL_USAGE_CHRGS_M4_avg
2,"[0.15, inf)","16,630,728",74.91,6.65,93.35,0.1274744017854656,BILL_USAGE_CHRGS_M4_avg
3,Missing,"1,446,707",6.52,9.07,90.93,-0.2089120785787841,BILL_USAGE_CHRGS_M4_avg
Totals, ,"22,202,406",100.0,7.49,92.51, ,BILL_USAGE_CHRGS_M4_avg
1,"(-inf, 43.80)","13,051,587",58.78,6.62,93.38,0.1325152522984956,BILL_USAGE_CHRGS_M5_avg
2,"[43.80, 47.32)","331,318",1.49,6.78,93.22,0.1071114362243452,BILL_USAGE_CHRGS_M5_avg
3,"[47.32, 74.62)","1,941,461",8.74,7.04,92.96,0.0660356366277659,BILL_USAGE_CHRGS_M5_avg
4,"[74.62, 84.33)","475,133",2.14,7.34,92.66,0.0217986919653965,BILL_USAGE_CHRGS_M5_avg
5,"[84.33, 94.24)","437,307",1.97,7.69,92.31,-0.0294474618398572,BILL_USAGE_CHRGS_M5_avg
6,"[94.24, 96.92)","116,339",0.52,7.95,92.05,-0.0647187096412009,BILL_USAGE_CHRGS_M5_avg
7,"[96.92, 391.47)","3,420,417",15.41,8.33,91.67,-0.1159635086542274,BILL_USAGE_CHRGS_M5_avg
8,"[391.47, 453.59)","124,036",0.56,8.72,91.28,-0.1658176983894619,BILL_USAGE_CHRGS_M5_avg
9,"[453.59, 491.74)","57,522",0.26,10.05,89.95,-0.3225514740386881,BILL_USAGE_CHRGS_M5_avg
10,"[491.74, 1271.98)","286,560",1.29,11.03,88.97,-0.4268447082832241,BILL_USAGE_CHRGS_M5_avg
11,"[1271.98, inf)","42,010",0.19,11.59,88.41,-0.4819277026603754,BILL_USAGE_CHRGS_M5_avg
12,Missing,"1,918,716",8.64,11.64,88.36,-0.487554621121923,BILL_USAGE_CHRGS_M5_avg
Totals, ,"22,202,406",100.0,7.49,92.51, ,BILL_USAGE_CHRGS_M5_avg
1,"(-inf, 43.96)","12,723,990",57.31,6.37,93.63,0.1730941603876252,BILL_USAGE_CHRGS_M6_avg
2,"[43.96, 47.91)","362,684",1.63,6.48,93.52,0.1550440356973945,BILL_USAGE_CHRGS_M6_avg
3,"[47.91, 74.61)","1,859,654",8.38,6.79,93.21,0.1054379962667804,BILL_USAGE_CHRGS_M6_avg
4,"[74.61, 84.22)","463,895",2.09,7.05,92.95,0.0651245586658255,BILL_USAGE_CHRGS_M6_avg
5,"[84.22, 96.83)","546,035",2.46,7.34,92.66,0.021048821090793,BILL_USAGE_CHRGS_M6_avg
6,"[96.83, 399.93)","3,393,251",15.28,7.87,92.13,-0.0534165672612103,BILL_USAGE_CHRGS_M6_avg
7,"[399.93, 449.56)","95,199",0.43,8.08,91.92,-0.0826873374785162,BILL_USAGE_CHRGS_M6_avg
8,"[449.56, 488.57)","58,189",0.26,8.75,91.25,-0.1702059146171786,BILL_USAGE_CHRGS_M6_avg
9,"[488.57, 1335.96)","288,577",1.3,9.52,90.48,-0.2621883326587961,BILL_USAGE_CHRGS_M6_avg
10,"[1335.96, inf)","37,158",0.17,10.28,89.72,-0.34719414789663,BILL_USAGE_CHRGS_M6_avg
11,Missing,"2,373,774",10.69,13.39,86.61,-0.6474840346817079,BILL_USAGE_CHRGS_M6_avg
Totals, ,"22,202,406",100.0,7.49,92.51, ,BILL_USAGE_CHRGS_M6_avg
1,"(-inf, 30.38)","20,574,637",92.67,7.94,92.06,-0.0634957624385661,CC_CARD_FLAG_norm
2,"[30.38, 44.95)","124,533",0.56,7.24,92.76,0.0360720640727478,CC_CARD_FLAG_norm
3,"[44.95, 65.69)","366,297",1.65,5.11,94.89,0.4071121577865044,CC_CARD_FLAG_norm
4,"[65.69, 77.50)","23,177",0.1,4.82,95.18,0.4688941938225706,CC_CARD_FLAG_norm
5,"[77.50, inf)","1,113,762",5.02,0.0,100.0,7.517164438089086,CC_CARD_FLAG_norm
6,Missing,0,0.0,0.0,0.0,0.0,CC_CARD_FLAG_norm
Totals, ,"22,202,406",100.0,7.49,92.51, ,CC_CARD_FLAG_norm
1,"(-inf, inf)","1,181,008",5.32,21.75,78.25,1.2800374883289176,CC_CARD_FLG_count
2,Missing,"21,021,395",94.68,51.59,48.41,-0.0634962699776432,CC_CARD_FLG_count
Totals, ,"22,202,403",100.0,50.0,50.0, ,CC_CARD_FLG_count
1,"(-inf, inf)","22,202,406",100.0,7.49,92.51,0.0,Confirm_bad_count
2,Missing,0,0.0,0.0,0.0,0.0,Confirm_bad_count
Totals, ,"22,202,406",100.0,7.49,92.51, ,Confirm_bad_count
1,"(-inf, inf)","22,202,406",100.0,7.49,92.51,0.0,Confirm_bad_norm
2,Missing,0,0.0,0.0,0.0,0.0,Confirm_bad_norm
Totals, ,"22,202,406",100.0,7.49,92.51, ,Confirm_bad_norm
1,"(-inf, inf)","145,905",0.66,6.16,93.84,0.2087850945436367,CPLN_CNT_M1_avg
2,Missing,"22,056,501",99.34,7.5,92.5,-0.0012636344475502,CPLN_CNT_M1_avg
Totals, ,"22,202,406",100.0,7.49,92.51, ,CPLN_CNT_M1_avg
1,"(-inf, inf)","395,996",1.78,50.42,49.58,-0.0169297782125751,CPLN_CNT_M3_avg
2,Missing,"21,806,407",98.22,49.99,50.01,0.0003074309482208,CPLN_CNT_M3_avg
Totals, ,"22,202,403",100.0,50.0,50.0, ,CPLN_CNT_M3_avg
1,"(-inf, inf)","373,206",1.68,12.89,87.11,-0.6034039250639343,CRED_INQ_CNT
2,Missing,"21,829,200",98.32,7.39,92.61,0.0134109681006306,CRED_INQ_CNT
Totals, ,"22,202,406",100.0,7.49,92.51, ,CRED_INQ_CNT
1,"(-inf, 27.84)","7,216,433",32.5,0.45,99.55,2.8798189655240947,CST_BAD_DEBT_AMT
2,"[27.84, 41.33)","62,585",0.28,2.45,97.55,1.1709429681643997,CST_BAD_DEBT_AMT
3,"[41.33, 63.24)","82,160",0.37,3.82,96.18,0.7129097841010754,CST_BAD_DEBT_AMT
4,"[63.24, 88.34)","68,869",0.31,7.39,92.61,0.0139208520846372,CST_BAD_DEBT_AMT
5,"[88.34, 100.01)","26,715",0.12,13.27,86.73,-0.6372303293125019,CST_BAD_DEBT_AMT
6,"[100.01, 461.04)","3,464,902",15.61,19.9,80.1,-1.121356822653066,CST_BAD_DEBT_AMT
7,"[461.04, 471.49)","62,268",0.28,21.22,78.78,-1.202484375732448,CST_BAD_DEBT_AMT
8,"[471.49, 525.02)","316,213",1.42,22.77,77.23,-1.292724733578293,CST_BAD_DEBT_AMT
9,"[525.02, 546.70)","98,675",0.44,23.71,76.29,-1.3457012052801929,CST_BAD_DEBT_AMT
10,"[546.70, 703.15)","626,793",2.82,25.09,74.91,-1.420573944854866,CST_BAD_DEBT_AMT
11,"[703.15, 859.24)","472,653",2.13,26.78,73.22,-1.5081803242535032,CST_BAD_DEBT_AMT
12,"[859.24, 901.10)","92,108",0.41,28.64,71.36,-1.6014657926400888,CST_BAD_DEBT_AMT
13,"[901.10, 946.28)","84,180",0.38,30.29,69.71,-1.6805797597533596,CST_BAD_DEBT_AMT
14,"[946.28, 1000.65)","84,952",0.38,32.02,67.98,-1.7611761300299675,CST_BAD_DEBT_AMT
15,"[1000.65, 1316.43)","381,096",1.72,36.29,63.71,-1.9512927593543057,CST_BAD_DEBT_AMT
16,"[1316.43, 1477.35)","117,464",0.53,38.36,61.64,-2.039922684260948,CST_BAD_DEBT_AMT
17,"[1477.35, 1623.96)","77,953",0.35,41.1,58.9,-2.154515111809033,CST_BAD_DEBT_AMT
18,"[1623.96, 1682.07)","25,999",0.12,43.13,56.87,-2.237618332259557,CST_BAD_DEBT_AMT
19,"[1682.07, 2000.98)","108,154",0.49,45.63,54.37,-2.338953185993493,CST_BAD_DEBT_AMT
20,"[2000.98, 2129.13)","32,946",0.15,47.81,52.19,-2.4267537990018444,CST_BAD_DEBT_AMT
21,"[2129.13, 2308.33)","36,693",0.17,50.31,49.69,-2.5265983899333606,CST_BAD_DEBT_AMT
22,"[2308.33, 2569.07)","40,356",0.18,53.78,46.22,-2.6655691218090665,CST_BAD_DEBT_AMT
23,"[2569.07, 3036.85)","48,693",0.22,55.56,44.44,-2.737562926393079,CST_BAD_DEBT_AMT
24,"[3036.85, 6195.59)","106,198",0.48,58.82,41.18,-2.870923112235489,CST_BAD_DEBT_AMT
25,"[6195.59, inf)","41,631",0.19,60.91,39.09,-2.957913157224418,CST_BAD_DEBT_AMT
26,Missing,"8,425,717",37.95,0.1,99.9,4.363573925095613,CST_BAD_DEBT_AMT
Totals, ,"22,202,406",100.0,7.49,92.51, ,CST_BAD_DEBT_AMT
1,"(-inf, 0.00)","13,656,535",61.51,0.26,99.74,3.446716465418588,CST_BAD_DEBT_RATIO
2,"[0.00, 0.45)","500,051",2.25,0.3,99.7,3.3041241682795066,CST_BAD_DEBT_RATIO
3,"[0.45, 1.73)","225,921",1.02,0.69,99.31,2.453699963191119,CST_BAD_DEBT_RATIO
4,"[1.73, 2.51)","69,379",0.31,1.54,98.46,1.6431072367851272,CST_BAD_DEBT_RATIO
5,"[2.51, 3.07)","38,603",0.17,2.49,97.51,1.1536760183644947,CST_BAD_DEBT_RATIO
6,"[3.07, 3.64)","34,567",0.16,3.21,96.79,0.8907453321130627,CST_BAD_DEBT_RATIO
7,"[3.64, 4.21)","30,455",0.14,4.11,95.89,0.6353038711292704,CST_BAD_DEBT_RATIO
8,"[4.21, 5.02)","38,002",0.17,6.06,93.94,0.22668475643452,CST_BAD_DEBT_RATIO
9,"[5.02, 5.61)","24,605",0.11,7.82,92.18,-0.0471040825609381,CST_BAD_DEBT_RATIO
10,"[5.61, 6.50)","34,473",0.16,9.97,90.03,-0.3133532628781119,CST_BAD_DEBT_RATIO
11,"[6.50, 8.15)","58,910",0.27,12.7,87.3,-0.5868488271827648,CST_BAD_DEBT_RATIO
12,"[8.15, 8.95)","26,700",0.12,15.48,84.52,-0.8170264124590443,CST_BAD_DEBT_RATIO
13,"[8.95, 101.33)","3,070,187",13.83,17.38,82.62,-0.9553492087296804,CST_BAD_DEBT_RATIO
14,"[101.33, 104.05)","156,483",0.7,19.34,80.66,-1.0858379384906438,CST_BAD_DEBT_RATIO
15,"[104.05, 209.88)","1,794,143",8.08,20.95,79.05,-1.186431600456932,CST_BAD_DEBT_RATIO
16,"[209.88, 226.46)","198,439",0.89,27.34,72.66,-1.5367540897952097,CST_BAD_DEBT_RATIO
17,"[226.46, 253.88)","152,204",0.69,28.49,71.51,-1.5941694721591098,CST_BAD_DEBT_RATIO
18,"[253.88, 315.06)","216,629",0.98,29.79,70.21,-1.6568239072417956,CST_BAD_DEBT_RATIO
19,"[315.06, 336.55)","57,462",0.26,32.78,67.22,-1.7961485854978947,CST_BAD_DEBT_RATIO
20,"[336.55, 366.84)","58,369",0.26,35.47,64.53,-1.9158957858353869,CST_BAD_DEBT_RATIO
21,"[366.84, 430.25)","89,114",0.4,36.89,63.11,-1.9771827227490628,CST_BAD_DEBT_RATIO
22,"[430.25, 474.88)","42,407",0.19,39.52,60.48,-2.088793789257453,CST_BAD_DEBT_RATIO
23,"[474.88, 549.10)","55,068",0.25,41.83,58.17,-2.184324215045506,CST_BAD_DEBT_RATIO
24,"[549.10, 673.34)","61,811",0.28,45.38,54.62,-2.32890764174228,CST_BAD_DEBT_RATIO
25,"[673.34, inf)","164,310",0.74,48.19,51.81,-2.441988926556632,CST_BAD_DEBT_RATIO
26,Missing,"1,347,579",6.07,20.7,79.3,-1.171379194381831,CST_BAD_DEBT_RATIO
Totals, ,"22,202,406",100.0,7.49,92.51, ,CST_BAD_DEBT_RATIO
1,"(-inf, 1122.59)","19,601,550",88.29,7.12,92.88,0.0544510297644711,CST_BILL_AMT_M1
2,"[1122.59, 1195.18)","273,037",1.23,7.38,92.62,0.0155131603294047,CST_BILL_AMT_M1
3,"[1195.18, 1397.41)","625,855",2.82,8.1,91.9,-0.0852540626957409,CST_BILL_AMT_M1
4,"[1397.41, 1779.74)","714,050",3.22,8.93,91.07,-0.191622889069734,CST_BILL_AMT_M1
5,"[1779.74, 1994.99)","245,158",1.1,10.13,89.87,-0.3318773502067413,CST_BILL_AMT_M1
6,"[1994.99, 2498.98)","341,585",1.54,11.25,88.75,-0.4489074355681222,CST_BILL_AMT_M1
7,"[2498.98, 2982.05)","162,315",0.73,13.1,86.9,-0.621902787587254,CST_BILL_AMT_M1
8,"[2982.05, 3257.06)","55,067",0.25,15.26,84.74,-0.7998410954104669,CST_BILL_AMT_M1
9,"[3257.06, 3680.91)","56,956",0.26,18.22,81.78,-1.01266732275451,CST_BILL_AMT_M1
10,"[3680.91, 6472.29)","103,180",0.46,22.3,77.7,-1.2659488901822251,CST_BILL_AMT_M1
11,"[6472.29, inf)","23,439",0.11,25.76,74.24,-1.4555473575861788,CST_BILL_AMT_M1
12,Missing,214,0.0,3.74,96.26,0.7342093271940229,CST_BILL_AMT_M1
Totals, ,"22,202,406",100.0,7.49,92.51, ,CST_BILL_AMT_M1
1,"(-inf, 14.84)","20,000,173",90.08,7.83,92.17,-0.0482367696037178,CST_CAT_FLG_EP_norm
2,"[14.84, 22.65)","51,182",0.23,7.49,92.51,-0.000609364447528,CST_CAT_FLG_EP_norm
3,"[22.65, 29.29)","67,636",0.3,7.11,92.89,0.054999068044419,CST_CAT_FLG_EP_norm
4,"[29.29, 46.43)","146,722",0.66,6.77,93.23,0.1083517454497782,CST_CAT_FLG_EP_norm
5,"[46.43, 73.21)","425,844",1.92,5.53,94.47,0.3237421506383628,CST_CAT_FLG_EP_norm
6,"[73.21, inf)","1,510,849",6.8,3.61,96.39,0.7705387985216414,CST_CAT_FLG_EP_norm
7,Missing,0,0.0,0.0,0.0,0.0,CST_CAT_FLG_EP_norm
Totals, ,"22,202,406",100.0,7.49,92.51, ,CST_CAT_FLG_EP_norm
1,"(-inf, 43.65)","1,721,112",7.75,10.24,89.76,-0.3433314139426207,CST_CAT_FLG_NP_norm
2,"[43.65, 80.62)","767,409",3.46,8.78,91.22,-0.1730449641410629,CST_CAT_FLG_NP_norm
3,"[80.62, 87.69)","34,161",0.15,8.49,91.51,-0.1365647226632056,CST_CAT_FLG_NP_norm
4,"[87.69, inf)","19,679,724",88.64,7.19,92.81,0.0430548928731155,CST_CAT_FLG_NP_norm
5,Missing,0,0.0,0.0,0.0,0.0,CST_CAT_FLG_NP_norm
Totals, ,"22,202,406",100.0,7.49,92.51, ,CST_CAT_FLG_NP_norm
1,['GOV-SALES-VIP-AUH' 'Growth' 'Unknown'],"22,202,406",100.0,7.49,92.51,0.0,CST_CORP_SEG_mode
2,Missing,0,0.0,0.0,0.0,0.0,CST_CORP_SEG_mode
Totals, ,"22,202,406",100.0,7.49,92.51, ,CST_CORP_SEG_mode
1,['1*STAR' '4*STAR' '2*STAR'],"25,413",0.11,5.04,94.96,0.4216724377481959,CST_PFT_ARPU_BAND_mode
2,['PRSTG_MGMT'],"2,473,043",11.14,5.77,94.23,0.2782953302728104,CST_PFT_ARPU_BAND_mode
3,['PRESTIGE' '3*STAR' 'NEW CUST' '5*STAR'],"2,140,508",9.64,5.83,94.17,0.267975233390338,CST_PFT_ARPU_BAND_mode
4,['Unknown' 'DORMANT'],"17,563,442",79.11,7.93,92.07,-0.062811053029339,CST_PFT_ARPU_BAND_mode
5,Missing,0,0.0,0.0,0.0,0.0,CST_PFT_ARPU_BAND_mode
Totals, ,"22,202,406",100.0,7.49,92.51, ,CST_PFT_ARPU_BAND_mode
1,['None'],"78,510",0.35,0.4,99.6,2.99380833466728,CST_PFT_ARPU_SEG_mode
2,['EMIRATI BRONZE' 'UNIDENTIFIED'],"37,681",0.17,2.14,97.86,1.310248634584199,CST_PFT_ARPU_SEG_mode
3,['PRESTIGE BY MGMT'],"93,061",0.42,2.27,97.73,1.2474697318996617,CST_PFT_ARPU_SEG_mode
4,['BRONZE' 'VVVIP'],"396,990",1.79,3.46,96.54,0.8155087991964978,CST_PFT_ARPU_SEG_mode
5,['GOLD_SPECIAL_NEEDS'],"29,395",0.13,3.92,96.08,0.6842176904444157,CST_PFT_ARPU_SEG_mode
6,['EMIRATI GOLD'],"915,671",4.12,5.7,94.3,0.2924654188249782,CST_PFT_ARPU_SEG_mode
7,['PRESTIGE PLATINUM'],"2,085,808",9.39,5.85,94.15,0.2646555880164389,CST_PFT_ARPU_SEG_mode
8,['PRESTIGE Ana Emirati'],"806,671",3.63,6.06,93.94,0.2267268990237334,CST_PFT_ARPU_SEG_mode
9,['EMIRATI SILVER' 'EMIRATI WELCOME'],"3,675,655",16.56,6.43,93.57,0.1640736185924205,CST_PFT_ARPU_SEG_mode
10,['PRESTIGE SOLITAIRE'],"291,629",1.31,6.95,93.05,0.0808179124181767,CST_PFT_ARPU_SEG_mode
11,['SILVER'],"9,159,261",41.25,7.5,92.5,-0.0019565405258945,CST_PFT_ARPU_SEG_mode
12,['GOLD'],"2,248,589",10.13,9.7,90.3,-0.2828068012354023,CST_PFT_ARPU_SEG_mode
13,['WELCOME' 'YOUTH'],"2,383,485",10.74,10.89,89.11,-0.4124687927362185,CST_PFT_ARPU_SEG_mode
14,Missing,0,0.0,0.0,0.0,0.0,CST_PFT_ARPU_SEG_mode
Totals, ,"22,202,406",100.0,7.49,92.51, ,CST_PFT_ARPU_SEG_mode
1,['CONSUMER'],"22,202,406",100.0,7.49,92.51,0.0,CST_SEG_TP_mode
2,Missing,0,0.0,0.0,0.0,0.0,CST_SEG_TP_mode
Totals, ,"22,202,406",100.0,7.49,92.51, ,CST_SEG_TP_mode
1,['Diamond' 'Unknown' 'Platinum' 'Gold'],"22,202,406",100.0,7.49,92.51,0.0,CST_VAL_SEG_mode
2,Missing,0,0.0,0.0,0.0,0.0,CST_VAL_SEG_mode
Totals, ,"22,202,406",100.0,7.49,92.51, ,CST_VAL_SEG_mode
1,"(-inf, 226.71)","15,030,736",67.7,8.99,91.01,-0.1997393628105928,DPD_avg
2,"[226.71, 256.58)","53,997",0.24,7.81,92.19,-0.0457359777406991,DPD_avg
3,"[256.58, 287.83)","43,702",0.2,4.94,95.06,0.4423714420421207,DPD_avg
4,"[287.83, 316.55)","32,608",0.15,2.72,97.28,1.0638234749427022,DPD_avg
5,"[316.55, 347.25)","29,110",0.13,1.6,98.4,1.6042883420854626,DPD_avg
6,"[347.25, inf)","78,322",0.35,0.76,99.24,2.353103315104563,DPD_avg
7,Missing,"6,933,931",31.23,4.36,95.64,0.5743759846476508,DPD_avg
Totals, ,"22,202,406",100.0,7.49,92.51, ,DPD_avg
1,"(-inf, 22670.83)","15,071,360",67.88,8.98,91.02,-0.197845422834284,DPD_norm
2,"[22670.83, 25641.67)","45,628",0.21,8.06,91.94,-0.0798202317034957,DPD_norm
3,"[25641.67, 28783.33)","36,168",0.16,5.2,94.8,0.3898595826812405,DPD_norm
4,"[28783.33, 31775.00)","27,723",0.12,2.63,97.37,1.0960630180555562,DPD_norm
5,"[31775.00, inf)","87,596",0.39,0.82,99.18,2.275963633200928,DPD_norm
6,Missing,"6,933,931",31.23,4.36,95.64,0.5743759846476508,DPD_norm
Totals, ,"22,202,406",100.0,7.49,92.51, ,DPD_norm
1,"(-inf, inf)","22,202,406",100.0,7.49,92.51,0.0,dunning1_count
2,Missing,0,0.0,0.0,0.0,0.0,dunning1_count
Totals, ,"22,202,406",100.0,7.49,92.51, ,dunning1_count
1,"(-inf, inf)","22,202,406",100.0,7.49,92.51,0.0,dunning1_norm
2,Missing,0,0.0,0.0,0.0,0.0,dunning1_norm
Totals, ,"22,202,406",100.0,7.49,92.51, ,dunning1_norm
1,"(-inf, inf)","22,202,406",100.0,7.49,92.51,0.0,dunning2_count
2,Missing,0,0.0,0.0,0.0,0.0,dunning2_count
Totals, ,"22,202,406",100.0,7.49,92.51, ,dunning2_count
1,"(-inf, inf)","22,202,406",100.0,7.49,92.51,0.0,dunning2_norm
2,Missing,0,0.0,0.0,0.0,0.0,dunning2_norm
Totals, ,"22,202,406",100.0,7.49,92.51, ,dunning2_norm
1,"(-inf, inf)","22,202,406",100.0,7.49,92.51,0.0,ELIFE_Acc_norm
2,Missing,0,0.0,0.0,0.0,0.0,ELIFE_Acc_norm
Totals, ,"22,202,406",100.0,7.49,92.51, ,ELIFE_Acc_norm
1,"(-inf, inf)","22,202,406",100.0,7.49,92.51,0.0,Fixed_lines_count
2,Missing,0,0.0,0.0,0.0,0.0,Fixed_lines_count
Totals, ,"22,202,406",100.0,7.49,92.51, ,Fixed_lines_count
1,"(-inf, inf)","22,202,406",100.0,7.49,92.51,0.0,Fixed_lines_norm
2,Missing,0,0.0,0.0,0.0,0.0,Fixed_lines_norm
Totals, ,"22,202,406",100.0,7.49,92.51, ,Fixed_lines_norm
1,"(-inf, inf)","22,202,406",100.0,7.49,92.51,0.0,FNP_portin_count
2,Missing,0,0.0,0.0,0.0,0.0,FNP_portin_count
Totals, ,"22,202,406",100.0,7.49,92.51, ,FNP_portin_count
1,"(-inf, inf)","22,202,406",100.0,7.49,92.51,0.0,FNP_portin_norm
2,Missing,0,0.0,0.0,0.0,0.0,FNP_portin_norm
Totals, ,"22,202,406",100.0,7.49,92.51, ,FNP_portin_norm
1,"(-inf, inf)","22,202,406",100.0,7.49,92.51,0.0,FNP_portout_count
2,Missing,0,0.0,0.0,0.0,0.0,FNP_portout_count
Totals, ,"22,202,406",100.0,7.49,92.51, ,FNP_portout_count
1,"(-inf, inf)","22,202,406",100.0,7.49,92.51,0.0,FNP_portout_norm
2,Missing,0,0.0,0.0,0.0,0.0,FNP_portout_norm
Totals, ,"22,202,406",100.0,7.49,92.51, ,FNP_portout_norm
1,"(-inf, inf)","22,202,406",100.0,7.49,92.51,0.0,Fraud_flg_Y_norm
2,Missing,0,0.0,0.0,0.0,0.0,Fraud_flg_Y_norm
Totals, ,"22,202,406",100.0,7.49,92.51, ,Fraud_flg_Y_norm
1,"(-inf, inf)","22,202,406",100.0,7.49,92.51,0.0,FULL_PAYMENTS_PERCENTAGE
2,Missing,0,0.0,0.0,0.0,0.0,FULL_PAYMENTS_PERCENTAGE
Totals, ,"22,202,406",100.0,7.49,92.51, ,FULL_PAYMENTS_PERCENTAGE
1,['None'],"2,712,175",12.22,3.07,96.93,0.936696568798646,GEN
2,['Female' 'Unknown'],"5,288,608",23.82,6.71,93.29,0.1182892686176657,GEN
3,['Male'],"14,201,623",63.96,8.62,91.38,-0.1532275166150833,GEN
4,Missing,0,0.0,0.0,0.0,0.0,GEN
Totals, ,"22,202,406",100.0,7.49,92.51, ,GEN
1,"(-inf, 0.50)","20,205,927",91.01,8.02,91.98,-0.0740870380413256,Good_ending_count
2,"[0.50, inf)","1,996,479",8.99,2.13,97.87,1.314759551068645,Good_ending_count
3,Missing,0,0.0,0.0,0.0,0.0,Good_ending_count
Totals, ,"22,202,406",100.0,7.49,92.51, ,Good_ending_count
1,"(-inf, 27.92)","20,316,549",91.51,8.02,91.98,-0.0747511989831282,Good_ending_norm
2,"[27.92, 44.95)","151,278",0.68,6.79,93.21,0.1051553958009687,Good_ending_norm
3,"[44.95, 65.69)","424,573",1.91,4.93,95.07,0.4453732947499245,Good_ending_norm
4,"[65.69, 77.50)","30,613",0.14,4.52,95.48,0.5359582100001137,Good_ending_norm
5,"[77.50, inf)","1,279,393",5.76,0.0,100.0,8.551923098663444,Good_ending_norm
6,Missing,0,0.0,0.0,0.0,0.0,Good_ending_norm
Totals, ,"22,202,406",100.0,7.49,92.51, ,Good_ending_norm
1,"(-inf, 0.12)","13,287,768",59.85,0.48,99.52,2.828936392682917,MISD_PMTS_LST_6_M_avg
2,"[0.12, 0.20)","22,724",0.1,6.83,93.17,0.0996016009636751,MISD_PMTS_LST_6_M_avg
3,"[0.20, 0.21)","30,597",0.14,7.18,92.82,0.0450710518489647,MISD_PMTS_LST_6_M_avg
4,"[0.21, 0.26)","66,124",0.3,7.75,92.25,-0.0374983543438798,MISD_PMTS_LST_6_M_avg
5,"[0.26, 0.36)","171,213",0.77,8.56,91.44,-0.1450578480723638,MISD_PMTS_LST_6_M_avg
6,"[0.36, 0.53)","528,570",2.38,9.47,90.53,-0.2569690532640027,MISD_PMTS_LST_6_M_avg
7,"[0.53, 1.06)","2,433,806",10.96,11.62,88.38,-0.4849461946901505,MISD_PMTS_LST_6_M_avg
8,"[1.06, 2.06)","1,770,334",7.97,18.46,81.54,-1.02890423053406,MISD_PMTS_LST_6_M_avg
9,"[2.06, 2.52)","260,490",1.17,21.29,78.71,-1.206914287353826,MISD_PMTS_LST_6_M_avg
10,"[2.52, 3.09)","955,211",4.3,21.56,78.44,-1.2229322710873674,MISD_PMTS_LST_6_M_avg
11,"[3.09, 4.15)","898,406",4.05,24.87,75.13,-1.4087297302984705,MISD_PMTS_LST_6_M_avg
12,"[4.15, inf)","946,883",4.26,25.89,74.11,-1.462371941657483,MISD_PMTS_LST_6_M_avg
13,Missing,"830,280",3.74,22.38,77.62,-1.27072966575509,MISD_PMTS_LST_6_M_avg
Totals, ,"22,202,406",100.0,7.49,92.51, ,MISD_PMTS_LST_6_M_avg
1,"(-inf, inf)","22,202,406",100.0,7.49,92.51,0.0,MNP_PORT_IN_0_count
2,Missing,0,0.0,0.0,0.0,0.0,MNP_PORT_IN_0_count
Totals, ,"22,202,406",100.0,7.49,92.51, ,MNP_PORT_IN_0_count
1,"(-inf, inf)","22,202,406",100.0,7.49,92.51,0.0,MNP_PORT_IN_0_norm
2,Missing,0,0.0,0.0,0.0,0.0,MNP_PORT_IN_0_norm
Totals, ,"22,202,406",100.0,7.49,92.51, ,MNP_PORT_IN_0_norm
1,"(-inf, inf)","22,202,406",100.0,7.49,92.51,0.0,MNP_PORT_IN_1_count
2,Missing,0,0.0,0.0,0.0,0.0,MNP_PORT_IN_1_count
Totals, ,"22,202,406",100.0,7.49,92.51, ,MNP_PORT_IN_1_count
1,"(-inf, inf)","22,202,406",100.0,7.49,92.51,0.0,MNP_PORT_IN_1_norm
2,Missing,0,0.0,0.0,0.0,0.0,MNP_PORT_IN_1_norm
Totals, ,"22,202,406",100.0,7.49,92.51, ,MNP_PORT_IN_1_norm
1,"(-inf, inf)","22,202,406",100.0,7.49,92.51,0.0,MNP_PORT_OUT_0_count
2,Missing,0,0.0,0.0,0.0,0.0,MNP_PORT_OUT_0_count
Totals, ,"22,202,406",100.0,7.49,92.51, ,MNP_PORT_OUT_0_count
1,"(-inf, inf)","22,202,406",100.0,7.49,92.51,0.0,MNP_PORT_OUT_0_norm
2,Missing,0,0.0,0.0,0.0,0.0,MNP_PORT_OUT_0_norm
Totals, ,"22,202,406",100.0,7.49,92.51, ,MNP_PORT_OUT_0_norm
1,"(-inf, inf)","22,202,406",100.0,7.49,92.51,0.0,MNP_PORT_OUT_1_count
2,Missing,0,0.0,0.0,0.0,0.0,MNP_PORT_OUT_1_count
Totals, ,"22,202,406",100.0,7.49,92.51, ,MNP_PORT_OUT_1_count
1,"(-inf, inf)","22,202,406",100.0,7.49,92.51,0.0,MNP_PORT_OUT_1_norm
2,Missing,0,0.0,0.0,0.0,0.0,MNP_PORT_OUT_1_norm
Totals, ,"22,202,406",100.0,7.49,92.51, ,MNP_PORT_OUT_1_norm
1,"(-inf, 1.50)","16,037,141",72.23,6.94,93.06,0.0820018278831051,Mobile_lines_count
2,"[1.50, 2.50)","3,893,630",17.54,8.2,91.8,-0.0988540788783591,Mobile_lines_count
3,"[2.50, 3.50)","1,267,936",5.71,9.61,90.39,-0.2731078714084844,Mobile_lines_count
4,"[3.50, 4.50)","534,658",2.41,10.38,89.62,-0.358437180850939,Mobile_lines_count
5,"[4.50, inf)","469,041",2.11,11.27,88.73,-0.4509438193180082,Mobile_lines_count
6,Missing,0,0.0,0.0,0.0,0.0,Mobile_lines_count
Totals, ,"22,202,406",100.0,7.49,92.51, ,Mobile_lines_count
1,"(-inf, inf)","22,202,406",100.0,7.49,92.51,0.0,Mobile_lines_norm
2,Missing,0,0.0,0.0,0.0,0.0,Mobile_lines_norm
Totals, ,"22,202,406",100.0,7.49,92.51, ,Mobile_lines_norm
1,"['TUVALU' 'Korea North' 'Unknown' 'Laos' 'Holy See (Vatican)' 'San Marino'
 'Korea South' 'Costa Rica' 'Barbados' 'New Zealand' 'Suriname']","45,411",0.2,2.24,97.76,1.26403546288026,NAT_TP_mode
2,"['Croatia' 'Guatemala' 'Tonga' 'South Korea, Republic of' 'Andorra'
 'Singapore' 'Greece' 'South Africa' 'Canada' 'Serbia' 'Czech Republic']","355,899",1.6,3.38,96.62,0.8398370883041677,NAT_TP_mode
3,['Mauritius' 'United Kingdom' 'Australia' 'Ireland' 'Portugal'],"581,664",2.62,3.6,96.4,0.7726489789733879,NAT_TP_mode
4,"['Slovakia' 'Brunei Darussalam' 'Spain' 'Malta' 'Lebanon' 'Japan'
 'Paraguay' 'Luxembourg' 'Hungary']","507,979",2.29,4.17,95.83,0.6204701340620309,NAT_TP_mode
5,"['Finland' 'Trinidad and Tobago' 'Romania' 'Latvia' 'Bulgaria' 'Denmark'
 'Malaysia' 'Seychelles' 'Norway' 'Bosnia and Herzegovina' 'Brazil'
 'Uruguay' 'Austria' 'Germany']","212,321",0.96,4.54,95.46,0.5322478472249657,NAT_TP_mode
6,['Peru' 'Colombia' 'United States of America' 'Armenia' 'Poland' 'Chile'],"260,497",1.17,4.83,95.17,0.4655082970575663,NAT_TP_mode
7,"['Lithuania' 'Saint Lucia' 'Sweden' 'Netherlands' 'Palestinian Territory'
 'Bolivia' 'Honduras' 'Palestine, State of' 'Macedonia' 'Belgium'
 'Liechtenstein' 'France' 'El Salvador' 'Italy' 'Mexico' 'Jordan'
 'Slovenia' 'Ecuador']","1,393,695",6.28,5.29,94.71,0.3701956915909825,NAT_TP_mode
8,"['Hong Kong' 'Jamaica' 'Moldova' 'India' 'Namibia' 'Botswana'
 'United Arab Emirates' 'Switzerland' 'Estonia' 'Belize' 'Belarus'
 'Guyana' 'Antigua and Barbuda' 'Argentina']","10,476,551",47.19,5.92,94.08,0.2511944574335221,NAT_TP_mode
9,"['Venezuela' 'Turkey' 'Cyprus' 'Comoros' 'Saint Kitts and Nevis'
 'Dominica' 'Indonesia']","282,521",1.27,6.45,93.55,0.1597568802107658,NAT_TP_mode
10,"['Ukraine' 'Grenada' 'Bahrain' 'Iceland' 'Solomon Islands' 'Philippines'
 'Fiji' 'Iraq']","1,436,042",6.47,7.17,92.83,0.046735284889702,NAT_TP_mode
11,['Yemen' 'Dominican Republic'],"294,477",1.33,7.55,92.45,-0.0093474802403794,NAT_TP_mode
12,"['Tanzania' 'Mozambique' 'Syrian Arab Republic'
 'Lao Peoples Democratic Republic']","865,478",3.9,8.17,91.83,-0.0949314508633119,NAT_TP_mode
13,"['Bahamas' 'Panama' 'Iran' 'Taiwan' 'Bhutan' 'Somalia'
 'Russian Federation' 'Mongolia' 'Oman']","504,870",2.27,8.86,91.14,-0.1830936054777003,NAT_TP_mode
14,['Cuba' 'Azerbaijan' 'Tunisia' 'Egypt' 'Albania' 'Georgia' 'Sri Lanka'],"1,654,751",7.45,9.21,90.79,-0.2253763597575195,NAT_TP_mode
15,"['Zambia' 'China' 'Kuwait' 'Kazakstan' 'Thailand' 'Kosovo' 'Montenegro'
 'Netherlands Antilles']","192,455",0.87,9.98,90.02,-0.3148338369319017,NAT_TP_mode
16,"['Vanuatu' 'Kyrgyzstan' 'Eritrea' 'Serbia and Montenegro' 'Kenya'
 'Iran, Islamic Republic of']","158,930",0.72,11.21,88.79,-0.4443115690084158,NAT_TP_mode
17,['LIBYA' 'Myanmar' 'Morocco'],"218,468",0.98,11.8,88.2,-0.5026640349604996,NAT_TP_mode
18,['Afghanistan' 'Zimbabwe' 'Papua New Guinea' 'Israel' 'Sudan' 'Uzbekistan'],"531,838",2.4,12.51,87.49,-0.5691100002783,NAT_TP_mode
19,['Gabon' 'Saudi Arabia' 'Nicaragua' 'Algeria'],"136,787",0.62,13.28,86.72,-0.6379704286255057,NAT_TP_mode
20,"['Qatar' 'Madagascar' 'Lesotho' 'Equatorial Guinea' 'Turkmenistan'
 'Djibouti' 'Vietnam' 'Cape Verde' 'Maldives' 'Pakistan' 'Cambodia'
 'Bangladesh']","1,796,190",8.09,15.04,84.96,-0.7826753805358222,NAT_TP_mode
21,['Angola' 'Ethiopia' 'Tajikistan'],"85,149",0.38,16.66,83.34,-0.9044068297485356,NAT_TP_mode
22,"['Central African Republic' 'Burkina Faso' 'Nepal' 'MACAU' 'Senegal'
 'Swaziland' 'Malawi']","84,063",0.38,17.71,82.29,-0.9778964013819652,NAT_TP_mode
23,"['Mauritania' 'Mali' 'Nigeria' 'Congo' 'Rep. of Niger'
 'St Vincent and Grenadines' 'Rwanda']","60,239",0.27,20.27,79.73,-1.1446755928989814,NAT_TP_mode
24,"['Burundi' 'Chad' 'Benin' 'Cote dlvoire' 'South Sudan' 'Gambia' ' Libya'
 'Democratic Rep. of Congo' 'Guinea' 'Ghana' 'Cameroon']","37,309",0.17,28.65,71.35,-1.6019087784313657,NAT_TP_mode
25,"['Uganda' 'Republic of Equatorial Guinea' 'Haiti' 'Togo' 'Sierra Leone'
 'Guinea-Bissau' 'Liberia' 'Monaco' 'Timor-Leste' 'Sao Tome and Principe']","28,822",0.13,34.18,65.82,-1.858886775418856,NAT_TP_mode
26,Missing,0,0.0,0.0,0.0,0.0,NAT_TP_mode
Totals, ,"22,202,406",100.0,7.49,92.51, ,NAT_TP_mode
1,"(-inf, -0.00)","519,370",2.34,0.37,99.63,3.094987578582929,OS_TO_PMNT_RATIO_avg
2,"[-0.00, 6.26)","243,845",1.1,0.59,99.41,2.616643309158568,OS_TO_PMNT_RATIO_avg
3,"[6.26, 16.30)","91,822",0.41,0.79,99.21,2.3137372097325715,OS_TO_PMNT_RATIO_avg
4,"[16.30, 47.49)","548,920",2.47,1.21,98.79,1.8904289327573836,OS_TO_PMNT_RATIO_avg
5,"[47.49, 48.75)","50,202",0.23,1.42,98.58,1.728648384125071,OS_TO_PMNT_RATIO_avg
6,"[48.75, 49.41)","32,725",0.15,1.57,98.43,1.6216400417457857,OS_TO_PMNT_RATIO_avg
7,"[49.41, 62.01)","597,518",2.69,1.74,98.26,1.5188033613065253,OS_TO_PMNT_RATIO_avg
8,"[62.01, 63.85)","90,362",0.41,1.98,98.02,1.3873748608075296,OS_TO_PMNT_RATIO_avg
9,"[63.85, 65.11)","66,477",0.3,2.22,97.78,1.2694567627201758,OS_TO_PMNT_RATIO_avg
10,"[65.11, 66.47)","77,078",0.35,2.4,97.6,1.190005479741016,OS_TO_PMNT_RATIO_avg
11,"[66.47, 72.04)","372,111",1.68,2.47,97.53,1.1605059624829512,OS_TO_PMNT_RATIO_avg
12,"[72.04, 73.21)","90,646",0.41,2.66,97.34,1.085310797479201,OS_TO_PMNT_RATIO_avg
13,"[73.21, 99.95)","6,305,177",28.4,2.72,97.28,1.0623276185656811,OS_TO_PMNT_RATIO_avg
14,"[99.95, 99.97)","32,772",0.15,3.46,96.54,0.8134693708672414,OS_TO_PMNT_RATIO_avg
15,"[99.97, 100.00)","41,135",0.19,4.08,95.92,0.6427624489708079,OS_TO_PMNT_RATIO_avg
16,"[100.00, 364.94)","12,572,769",56.63,11.15,88.85,-0.439112800648584,OS_TO_PMNT_RATIO_avg
17,"[364.94, 390.13)","22,944",0.1,11.44,88.56,-0.4673195482872838,OS_TO_PMNT_RATIO_avg
18,"[390.13, 468.23)","51,261",0.23,12.09,87.91,-0.5303904485972517,OS_TO_PMNT_RATIO_avg
19,"[468.23, 519.42)","23,654",0.11,13.18,86.82,-0.6292376269824678,OS_TO_PMNT_RATIO_avg
20,"[519.42, 639.37)","38,907",0.18,13.74,86.26,-0.6767754664128078,OS_TO_PMNT_RATIO_avg
21,"[639.37, 829.81)","36,907",0.17,14.88,85.12,-0.7698044077538622,OS_TO_PMNT_RATIO_avg
22,"[829.81, 1082.90)","27,778",0.13,15.89,84.11,-0.847540854050743,OS_TO_PMNT_RATIO_avg
23,"[1082.90, 1614.98)","30,130",0.14,16.73,83.27,-0.9096384845134527,OS_TO_PMNT_RATIO_avg
24,"[1614.98, 3182.34)","28,155",0.13,20.37,79.63,-1.150640647694566,OS_TO_PMNT_RATIO_avg
25,"[3182.34, inf)","22,203",0.1,34.22,65.78,-1.8607464188414515,OS_TO_PMNT_RATIO_avg
26,Missing,"187,538",0.84,0.47,99.53,2.8497598126556367,OS_TO_PMNT_RATIO_avg
Totals, ,"22,202,406",100.0,7.49,92.51, ,OS_TO_PMNT_RATIO_avg
1,"(-inf, -0.24)","519,366",2.34,0.37,99.63,3.094979848696095,OS_TO_PMNT_RATIO_norm
2,"[-0.24, 579.44)","239,603",1.08,0.59,99.41,2.6124166087838416,OS_TO_PMNT_RATIO_norm
3,"[579.44, 1355.18)","72,070",0.32,0.74,99.26,2.3909097063511187,OS_TO_PMNT_RATIO_norm
4,"[1355.18, 4748.37)","599,788",2.7,1.21,98.79,1.884313196724716,OS_TO_PMNT_RATIO_norm
5,"[4748.37, 4941.36)","90,462",0.41,1.42,98.58,1.72248627931019,OS_TO_PMNT_RATIO_norm
6,"[4941.36, 4999.98)","55,718",0.25,2.1,97.9,1.3269793308184252,OS_TO_PMNT_RATIO_norm
7,"[4999.98, 6384.99)","694,993",3.13,2.28,97.72,1.2446643422502943,OS_TO_PMNT_RATIO_norm
8,"[6384.99, 6623.03)","134,622",0.61,2.41,97.59,1.1860990361606838,OS_TO_PMNT_RATIO_norm
9,"[6623.03, 9995.27)","6,777,131",30.52,2.74,97.26,1.054188433152203,OS_TO_PMNT_RATIO_norm
10,"[9995.27, 9997.20)","32,472",0.15,3.43,96.57,0.8232869765174442,OS_TO_PMNT_RATIO_norm
11,"[9997.20, 9999.85)","40,713",0.18,4.07,95.93,0.6463917617045793,OS_TO_PMNT_RATIO_norm
12,"[9999.85, 36494.11)","12,477,302",56.2,11.18,88.82,-0.4414563013886301,OS_TO_PMNT_RATIO_norm
13,"[36494.11, 39013.45)","22,874",0.1,11.45,88.55,-0.4686161887866431,OS_TO_PMNT_RATIO_norm
14,"[39013.45, 46769.96)","50,817",0.23,12.11,87.89,-0.5321821584545412,OS_TO_PMNT_RATIO_norm
15,"[46769.96, 51933.50)","23,786",0.11,13.18,86.82,-0.6290907296159514,OS_TO_PMNT_RATIO_norm
16,"[51933.50, 63937.47)","38,741",0.17,13.74,86.26,-0.677385447917425,OS_TO_PMNT_RATIO_norm
17,"[63937.47, 82980.77)","36,759",0.17,14.89,85.11,-0.7710961610838827,OS_TO_PMNT_RATIO_norm
18,"[82980.77, 108290.08)","27,590",0.12,15.92,84.08,-0.8502147049432316,OS_TO_PMNT_RATIO_norm
19,"[108290.08, 161497.94)","29,969",0.13,16.77,83.23,-0.912495555127605,OS_TO_PMNT_RATIO_norm
20,"[161497.94, 317317.92)","27,889",0.13,20.47,79.53,-1.1570781949756237,OS_TO_PMNT_RATIO_norm
21,"[317317.92, inf)","22,203",0.1,34.21,65.79,-1.860346226997088,OS_TO_PMNT_RATIO_norm
22,Missing,"187,538",0.84,0.47,99.53,2.8497598126556367,OS_TO_PMNT_RATIO_norm
Totals, ,"22,202,406",100.0,7.49,92.51, ,OS_TO_PMNT_RATIO_norm
1,"(-inf, 28.76)","15,435,079",69.52,9.36,90.64,-0.2437876545169768,PARTIAL_PAYMENTS_PERCENTAGE
2,"[28.76, 44.72)","594,638",2.68,8.78,91.22,-0.1737169196786663,PARTIAL_PAYMENTS_PERCENTAGE
3,"[44.72, 62.83)","1,545,466",6.96,6.04,93.96,0.2301959120974293,PARTIAL_PAYMENTS_PERCENTAGE
4,"[62.83, 72.08)","188,825",0.85,5.75,94.25,0.281884554430269,PARTIAL_PAYMENTS_PERCENTAGE
5,"[72.08, 84.52)","36,676",0.17,5.53,94.47,0.3239646182676665,PARTIAL_PAYMENTS_PERCENTAGE
6,"[84.52, inf)","4,401,722",19.83,1.34,98.66,1.7841331710492812,PARTIAL_PAYMENTS_PERCENTAGE
7,Missing,0,0.0,0.0,0.0,0.0,PARTIAL_PAYMENTS_PERCENTAGE
Totals, ,"22,202,406",100.0,7.49,92.51, ,PARTIAL_PAYMENTS_PERCENTAGE
1,"(-inf, 364.50)","1,665,046",7.5,16.41,83.59,-0.8858812008849353,PARTY_TENURE
2,"[364.50, 455.50)","372,404",1.68,15.08,84.92,-0.786230483312228,PARTY_TENURE
3,"[455.50, 566.50)","417,181",1.88,13.89,86.11,-0.6900205821726955,PARTY_TENURE
4,"[566.50, 724.50)","480,684",2.17,12.81,87.19,-0.5959962669873897,PARTY_TENURE
5,"[724.50, 819.50)","247,435",1.11,11.81,88.19,-0.5040634773926551,PARTY_TENURE
6,"[819.50, 1093.50)","667,304",3.01,10.86,89.14,-0.4086356392620409,PARTY_TENURE
7,"[1093.50, 1239.50)","368,742",1.66,10.43,89.57,-0.3643035423190626,PARTY_TENURE
8,"[1239.50, 1422.50)","506,374",2.28,9.69,90.31,-0.2822827227982909,PARTY_TENURE
9,"[1422.50, 1600.50)","471,884",2.13,8.84,91.16,-0.1806975284409815,PARTY_TENURE
10,"[1600.50, 1831.50)","637,881",2.87,8.21,91.79,-0.1005110172932068,PARTY_TENURE
11,"[1831.50, 2026.50)","567,022",2.55,7.89,92.11,-0.0574435718280326,PARTY_TENURE
12,"[2026.50, 2310.50)","890,237",4.01,7.5,92.5,-0.0018261653895454,PARTY_TENURE
13,"[2310.50, 2719.50)","1,519,813",6.85,7.03,92.97,0.0675110832568766,PARTY_TENURE
14,"[2719.50, 3012.50)","1,334,152",6.01,6.89,93.11,0.0890888786013208,PARTY_TENURE
15,"[3012.50, 3104.50)","450,524",2.03,6.69,93.31,0.1214457137212274,PARTY_TENURE
16,"[3104.50, 3227.50)","621,782",2.8,6.43,93.57,0.1638196366978248,PARTY_TENURE
17,"[3227.50, 3410.50)","975,750",4.39,6.02,93.98,0.2332650538450389,PARTY_TENURE
18,"[3410.50, 3550.50)","735,048",3.31,5.72,94.28,0.2885479704305531,PARTY_TENURE
19,"[3550.50, 3627.50)","372,546",1.68,5.46,94.54,0.3381818641479439,PARTY_TENURE
20,"[3627.50, 5963.50)","5,655,620",25.47,5.18,94.82,0.3935517639396328,PARTY_TENURE
21,"[5963.50, 6212.50)","526,927",2.37,4.8,95.2,0.4740733979103995,PARTY_TENURE
22,"[6212.50, 6522.50)","536,602",2.42,4.62,95.38,0.5125729829129173,PARTY_TENURE
23,"[6522.50, 6990.50)","568,895",2.56,4.32,95.68,0.5829020920469064,PARTY_TENURE
24,"[6990.50, 8160.50)","910,443",4.1,3.94,96.06,0.6795221136830434,PARTY_TENURE
25,"[8160.50, inf)","702,006",3.16,3.58,96.42,0.7791179059200863,PARTY_TENURE
26,Missing,104,0.0,7.69,92.31,-0.0293186501277218,PARTY_TENURE
Totals, ,"22,202,406",100.0,7.49,92.51, ,PARTY_TENURE
1,"(-inf, 247.00)","5,933,132",26.72,1.89,98.11,1.4346256155254435,PMNT_AMT_M1_avg
2,"[247.00, 279.88)","1,264,494",5.7,1.93,98.07,1.4148028849220733,PMNT_AMT_M1_avg
3,"[279.88, 293.94)","445,222",2.01,1.96,98.04,1.3976625457659972,PMNT_AMT_M1_avg
4,"[293.94, 369.99)","2,832,262",12.76,2.31,97.69,1.2286419025055095,PMNT_AMT_M1_avg
5,"[369.99, 396.99)","875,988",3.95,2.41,97.59,1.188443837219148,PMNT_AMT_M1_avg
6,"[396.99, 433.25)","1,114,464",5.02,2.85,97.15,1.015464781940842,PMNT_AMT_M1_avg
7,"[433.25, 446.79)","337,452",1.52,2.88,97.12,1.0033616396887006,PMNT_AMT_M1_avg
8,"[446.79, 489.96)","848,203",3.82,3.12,96.88,0.9202037649426512,PMNT_AMT_M1_avg
9,"[489.96, 496.89)","128,090",0.58,3.34,96.66,0.8505698229231724,PMNT_AMT_M1_avg
10,"[496.89, 695.91)","2,466,728",11.11,3.84,96.16,0.7071324394946119,PMNT_AMT_M1_avg
11,"[695.91, 699.99)","36,387",0.16,4.23,95.77,0.6049593339461268,PMNT_AMT_M1_avg
12,"[699.99, 793.12)","654,391",2.95,4.29,95.71,0.5903037404710112,PMNT_AMT_M1_avg
13,"[793.12, 896.94)","491,442",2.21,4.56,95.44,0.5265176942235748,PMNT_AMT_M1_avg
14,"[896.94, 993.84)","297,118",1.34,4.85,95.15,0.4632153941736678,PMNT_AMT_M1_avg
15,"[993.84, 1347.98)","589,714",2.66,5.36,94.64,0.3578163113816242,PMNT_AMT_M1_avg
16,"[1347.98, inf)","425,056",1.91,5.88,94.12,0.258715930699783,PMNT_AMT_M1_avg
17,Missing,"3,462,263",15.59,32.94,67.06,-1.803213576040695,PMNT_AMT_M1_avg
Totals, ,"22,202,406",100.0,7.49,92.51, ,PMNT_AMT_M1_avg
1,"(-inf, 293.99)","6,256,846",28.18,1.85,98.15,1.45782254091102,PMNT_AMT_M1_sum
2,"[293.99, 389.99)","2,615,367",11.78,1.91,98.09,1.422263664738132,PMNT_AMT_M1_sum
3,"[389.99, 399.99)","339,638",1.53,2.12,97.88,1.3202776772744085,PMNT_AMT_M1_sum
4,"[399.99, 489.92)","1,767,685",7.96,2.29,97.71,1.2372310303111864,PMNT_AMT_M1_sum
5,"[489.92, 496.99)","106,570",0.48,2.56,97.44,1.1265823442853713,PMNT_AMT_M1_sum
6,"[496.99, 695.90)","2,402,647",10.82,2.88,97.12,1.0052007851399862,PMNT_AMT_M1_sum
7,"[695.90, 789.79)","844,541",3.8,3.23,96.77,0.8866026352147225,PMNT_AMT_M1_sum
8,"[789.79, 799.46)","81,808",0.37,3.44,96.56,0.8194361331165934,PMNT_AMT_M1_sum
9,"[799.46, 893.67)","649,002",2.92,3.52,96.48,0.797278935224154,PMNT_AMT_M1_sum
10,"[893.67, 992.91)","534,540",2.41,3.76,96.24,0.7274103260315612,PMNT_AMT_M1_sum
11,"[992.91, 1187.70)","833,361",3.75,4.28,95.72,0.5942995303447831,PMNT_AMT_M1_sum
12,"[1187.70, 1344.11)","476,817",2.15,4.53,95.47,0.5348744396479299,PMNT_AMT_M1_sum
13,"[1344.11, 1484.55)","332,580",1.5,4.83,95.17,0.4657177411157489,PMNT_AMT_M1_sum
14,"[1484.55, 1795.82)","518,344",2.33,5.26,94.74,0.3768533121524564,PMNT_AMT_M1_sum
15,"[1795.82, 1886.53)","107,658",0.48,5.54,94.46,0.32164665121863,PMNT_AMT_M1_sum
16,"[1886.53, 2185.32)","274,474",1.24,5.95,94.05,0.2468093677665361,PMNT_AMT_M1_sum
17,"[2185.32, 2996.24)","356,244",1.6,6.42,93.58,0.1649333589376103,PMNT_AMT_M1_sum
18,"[2996.24, 3445.60)","85,109",0.38,6.97,93.03,0.0776428770370314,PMNT_AMT_M1_sum
19,"[3445.60, inf)","156,912",0.71,7.56,92.44,-0.0112161528862713,PMNT_AMT_M1_sum
20,Missing,"3,462,263",15.59,32.94,67.06,-1.803213576040695,PMNT_AMT_M1_sum
Totals, ,"22,202,406",100.0,7.49,92.51, ,PMNT_AMT_M1_sum
1,"(-inf, 1.50)","17,572,996",79.15,2.73,97.27,1.0580164985068357,PMNT_CHNL_CNT_M1_max
2,"[1.50, inf)","1,167,147",5.26,3.57,96.43,0.7822790537335385,PMNT_CHNL_CNT_M1_max
3,Missing,"3,462,263",15.59,32.94,67.06,-1.803213576040695,PMNT_CHNL_CNT_M1_max
Totals, ,"22,202,406",100.0,7.49,92.51, ,PMNT_CHNL_CNT_M1_max
1,"(-inf, 1.03)","15,577,832",70.16,2.56,97.44,1.125690291169299,PMNT_CNT_M1_avg
2,"[1.03, inf)","3,162,311",14.24,3.9,96.1,0.6903066811687926,PMNT_CNT_M1_avg
3,Missing,"3,462,263",15.59,32.94,67.06,-1.803213576040695,PMNT_CNT_M1_avg
Totals, ,"22,202,406",100.0,7.49,92.51, ,PMNT_CNT_M1_avg
1,"(-inf, 1.50)","15,577,801",70.16,2.56,97.44,1.1256882489131077,PMNT_CNT_M1_max
2,"[1.50, inf)","3,162,342",14.24,3.9,96.1,0.6903168818574708,PMNT_CNT_M1_max
3,Missing,"3,462,263",15.59,32.94,67.06,-1.803213576040695,PMNT_CNT_M1_max
Totals, ,"22,202,406",100.0,7.49,92.51, ,PMNT_CNT_M1_max
1,['Unknown' 'BankAdvice' 'Cheque' 'Card' 'Mix'],"17,842,750",80.36,2.64,97.36,1.091623872974118,PMNT_TOP_CHNL_M1_mode
2,['Wallet' 'Cash'],"788,846",3.55,5.08,94.92,0.4129295468133183,PMNT_TOP_CHNL_M1_mode
3,['Loyalty'],"108,547",0.49,9.1,90.9,-0.2127645480091811,PMNT_TOP_CHNL_M1_mode
4,['None'],"3,462,263",15.59,32.94,67.06,-1.803213576040695,PMNT_TOP_CHNL_M1_mode
5,Missing,0,0.0,0.0,0.0,0.0,PMNT_TOP_CHNL_M1_mode
Totals, ,"22,202,406",100.0,7.49,92.51, ,PMNT_TOP_CHNL_M1_mode
1,"(-inf, 0.50)","20,282,808",91.35,7.96,92.04,-0.0666722511036694,PORTIN_N_FLG_count
2,"[0.50, inf)","1,919,598",8.65,2.47,97.53,1.1629730947215997,PORTIN_N_FLG_count
3,Missing,0,0.0,0.0,0.0,0.0,PORTIN_N_FLG_count
Totals, ,"22,202,406",100.0,7.49,92.51, ,PORTIN_N_FLG_count
1,"(-inf, 29.29)","20,390,145",91.84,7.97,92.03,-0.0674477352036442,PORTIN_N_FLG_norm
2,"[29.29, 44.95)","141,518",0.64,7.01,92.99,0.0707568094979178,PORTIN_N_FLG_norm
3,"[44.95, 86.61)","431,797",1.94,5.19,94.81,0.3904107295365677,PORTIN_N_FLG_norm
4,"[86.61, inf)","1,238,946",5.58,0.43,99.57,2.9342823900993977,PORTIN_N_FLG_norm
5,Missing,0,0.0,0.0,0.0,0.0,PORTIN_N_FLG_norm
Totals, ,"22,202,406",100.0,7.49,92.51, ,PORTIN_N_FLG_norm
1,"(-inf, inf)","22,202,406",100.0,7.49,92.51,0.0,PORTIN_Other_FLG_count
2,Missing,0,0.0,0.0,0.0,0.0,PORTIN_Other_FLG_count
Totals, ,"22,202,406",100.0,7.49,92.51, ,PORTIN_Other_FLG_count
1,"(-inf, inf)","22,202,406",100.0,7.49,92.51,0.0,PORTIN_Other_FLG_norm
2,Missing,0,0.0,0.0,0.0,0.0,PORTIN_Other_FLG_norm
Totals, ,"22,202,406",100.0,7.49,92.51, ,PORTIN_Other_FLG_norm
1,"(-inf, inf)","22,202,406",100.0,7.49,92.51,0.0,PORTIN_Y_FLG_count
2,Missing,0,0.0,0.0,0.0,0.0,PORTIN_Y_FLG_count
Totals, ,"22,202,406",100.0,7.49,92.51, ,PORTIN_Y_FLG_count
1,"(-inf, inf)","22,202,406",100.0,7.49,92.51,0.0,PORTIN_Y_FLG_norm
2,Missing,0,0.0,0.0,0.0,0.0,PORTIN_Y_FLG_norm
Totals, ,"22,202,406",100.0,7.49,92.51, ,PORTIN_Y_FLG_norm
1,"(-inf, 0.50)","20,234,501",91.14,7.98,92.02,-0.0689664950502941,PORTOUT_N_FLG_count
2,"[0.50, inf)","1,967,905",8.86,2.43,97.57,1.1789485375025843,PORTOUT_N_FLG_count
3,Missing,0,0.0,0.0,0.0,0.0,PORTOUT_N_FLG_count
Totals, ,"22,202,406",100.0,7.49,92.51, ,PORTOUT_N_FLG_count
1,"(-inf, 30.38)","20,343,185",91.63,7.98,92.02,-0.0697231794992285,PORTOUT_N_FLG_norm
2,"[30.38, 44.95)","142,982",0.64,6.99,93.01,0.0739411112154746,PORTOUT_N_FLG_norm
3,"[44.95, 86.61)","437,976",1.97,5.18,94.82,0.393236241560686,PORTOUT_N_FLG_norm
4,"[86.61, inf)","1,278,263",5.76,0.42,99.58,2.963576991340441,PORTOUT_N_FLG_norm
5,Missing,0,0.0,0.0,0.0,0.0,PORTOUT_N_FLG_norm
Totals, ,"22,202,406",100.0,7.49,92.51, ,PORTOUT_N_FLG_norm
1,"(-inf, inf)","22,202,406",100.0,7.49,92.51,0.0,PORTOUT_Other_FLG_count
2,Missing,0,0.0,0.0,0.0,0.0,PORTOUT_Other_FLG_count
Totals, ,"22,202,406",100.0,7.49,92.51, ,PORTOUT_Other_FLG_count
1,"(-inf, inf)","22,202,406",100.0,7.49,92.51,0.0,PORTOUT_Other_FLG_norm
2,Missing,0,0.0,0.0,0.0,0.0,PORTOUT_Other_FLG_norm
Totals, ,"22,202,406",100.0,7.49,92.51, ,PORTOUT_Other_FLG_norm
1,"(-inf, inf)","22,202,406",100.0,7.49,92.51,0.0,PORTOUT_Y_FLG_count
2,Missing,0,0.0,0.0,0.0,0.0,PORTOUT_Y_FLG_count
Totals, ,"22,202,406",100.0,7.49,92.51, ,PORTOUT_Y_FLG_count
1,"(-inf, inf)","22,202,406",100.0,7.49,92.51,0.0,PORTOUT_Y_FLG_norm
2,Missing,0,0.0,0.0,0.0,0.0,PORTOUT_Y_FLG_norm
Totals, ,"22,202,406",100.0,7.49,92.51, ,PORTOUT_Y_FLG_norm
1,['Successful' 'None'],"22,202,406",100.0,7.49,92.51,0.0,PORT_STATUS_mode
2,Missing,0,0.0,0.0,0.0,0.0,PORT_STATUS_mode
Totals, ,"22,202,406",100.0,7.49,92.51, ,PORT_STATUS_mode
1,"(-inf, inf)","22,202,406",100.0,7.49,92.51,0.0,Post_pre_MIG_Y_norm
2,Missing,0,0.0,0.0,0.0,0.0,Post_pre_MIG_Y_norm
Totals, ,"22,202,406",100.0,7.49,92.51, ,Post_pre_MIG_Y_norm
1,"(-inf, inf)","22,202,406",100.0,7.49,92.51,0.0,PP_MIG_Y_norm
2,Missing,0,0.0,0.0,0.0,0.0,PP_MIG_Y_norm
Totals, ,"22,202,406",100.0,7.49,92.51, ,PP_MIG_Y_norm
1,"(-inf, inf)","22,202,406",100.0,7.49,92.51,0.0,Pre_post_MIG_Y_norm
2,Missing,0,0.0,0.0,0.0,0.0,Pre_post_MIG_Y_norm
Totals, ,"22,202,406",100.0,7.49,92.51, ,Pre_post_MIG_Y_norm
1,"(-inf, 0.50)","2,489,440",11.21,48.63,51.37,-2.459326883478861,recon_count
2,"[0.50, inf)","19,712,966",88.79,2.29,97.71,1.2386894438284166,recon_count
3,Missing,0,0.0,0.0,0.0,0.0,recon_count
Totals, ,"22,202,406",100.0,7.49,92.51, ,recon_count
1,"(-inf, 44.95)","2,558,131",11.52,48.77,51.23,-2.4648956981769987,recon_norm
2,"[44.95, 82.84)","1,020,485",4.6,39.19,60.81,-2.07494993531413,recon_norm
3,"[82.84, 97.50)","37,776",0.17,39.07,60.93,-2.069845292773804,recon_norm
4,"[97.50, inf)","18,586,014",83.71,0.0,100.0,14.223694566634656,recon_norm
5,Missing,0,0.0,0.0,0.0,0.0,recon_norm
Totals, ,"22,202,406",100.0,7.49,92.51, ,recon_norm
1,['None' 'Head Office Region'],"2,718,251",12.24,3.08,96.92,0.9351886916462826,REGION_mode
2,['East Coast Region'],"471,906",2.13,5.93,94.07,0.250056595773179,REGION_mode
3,['Ras Al-Khaimah Region'],"517,886",2.33,6.2,93.8,0.2017905181327455,REGION_mode
4,['Abu Dhabi Region'],"4,719,977",21.26,7.0,93.0,0.0726150284500537,REGION_mode
5,['Al-Ain Region'],"535,941",2.41,7.05,92.95,0.0644056933111953,REGION_mode
6,['West Coast Region'],"3,606,509",16.24,8.24,91.76,-0.1038938866294354,REGION_mode
7,['Dubai Region'],"6,777,722",30.53,8.8,91.2,-0.1759634213134644,REGION_mode
8,['Unknown'],"2,854,214",12.86,8.99,91.01,-0.199784749194289,REGION_mode
9,Missing,0,0.0,0.0,0.0,0.0,REGION_mode
Totals, ,"22,202,406",100.0,7.49,92.51, ,REGION_mode
1,['UAE IDENTITY CARD'],"22,202,406",100.0,7.49,92.51,0.0,REG_DOC_TYPE_mode
2,Missing,0,0.0,0.0,0.0,0.0,REG_DOC_TYPE_mode
Totals, ,"22,202,406",100.0,7.49,92.51, ,REG_DOC_TYPE_mode
1,['None'],"125,025",0.56,0.72,99.28,2.407957514941266,SEG_SOCIO_mode
2,['OTHERS' 'EMIRATI'],"5,089,840",22.92,5.75,94.25,0.2827134789240393,SEG_SOCIO_mode
3,['WHITE COLLAR'],"9,911,188",44.64,6.41,93.59,0.1662440029856182,SEG_SOCIO_mode
4,['PROFESSIONAL SINGLE'],"3,310,496",14.91,7.49,92.51,2.0393028861587222e-05,SEG_SOCIO_mode
5,['YOUTH'],"3,217,232",14.49,11.64,88.36,-0.4868942741363229,SEG_SOCIO_mode
6,['BLUE COLLAR'],"548,625",2.47,20.2,79.8,-1.1405624849965543,SEG_SOCIO_mode
7,Missing,0,0.0,0.0,0.0,0.0,SEG_SOCIO_mode
Totals, ,"22,202,406",100.0,7.49,92.51, ,SEG_SOCIO_mode
1,['None'],"2,712,106",12.22,3.07,96.93,0.9368683274592144,STATE_mode
2,['Ras Al-Khaimah'],"648,433",2.92,6.7,93.3,0.1200797975828638,STATE_mode
3,['Fujairah'],"494,476",2.23,6.9,93.1,0.0874819056162516,STATE_mode
4,['Umm Al-Quwain'],"96,406",0.43,7.3,92.7,0.0279799658998078,STATE_mode
5,['Abu Dhabi'],"6,234,176",28.08,7.43,92.57,0.0085294885134805,STATE_mode
6,['Sharjah'],"2,703,361",12.18,8.04,91.96,-0.0776997433076327,STATE_mode
7,['Dubai'],"7,430,150",33.47,8.47,91.53,-0.1342075770558271,STATE_mode
8,['Unknown'],"1,135,955",5.12,9.26,90.74,-0.2315807531199918,STATE_mode
9,['Ajman'],"747,343",3.37,10.6,89.4,-0.3820806385753381,STATE_mode
10,Missing,0,0.0,0.0,0.0,0.0,STATE_mode
Totals, ,"22,202,406",100.0,7.49,92.51, ,STATE_mode
1,"(-inf, 0.94)","512,548",2.31,3.98,96.02,0.6680497373905054,TOP_CHNL_TOT_PMNT_RAT_M1_avg
2,"[0.94, 0.95)","73,064",0.33,3.75,96.25,0.7301718133273214,TOP_CHNL_TOT_PMNT_RAT_M1_avg
3,"[0.95, 0.96)","46,462",0.21,3.54,96.46,0.7893621536980997,TOP_CHNL_TOT_PMNT_RAT_M1_avg
4,"[0.96, 0.98)","108,956",0.49,3.48,96.52,0.8070369093319463,TOP_CHNL_TOT_PMNT_RAT_M1_avg
5,"[0.98, 0.98)","74,639",0.34,3.39,96.61,0.8357342604752378,TOP_CHNL_TOT_PMNT_RAT_M1_avg
6,"[0.98, 1.00)","245,328",1.1,3.25,96.75,0.8781046855639487,TOP_CHNL_TOT_PMNT_RAT_M1_avg
7,"[1.00, 1.03)","17,589,456",79.22,2.73,97.27,1.0579561200867629,TOP_CHNL_TOT_PMNT_RAT_M1_avg
8,"[1.03, 1.53)","50,529",0.23,2.61,97.39,1.1065557735210565,TOP_CHNL_TOT_PMNT_RAT_M1_avg
9,"[1.53, inf)","30,367",0.14,2.23,97.77,1.266668994929808,TOP_CHNL_TOT_PMNT_RAT_M1_avg
10,Missing,"3,471,057",15.63,32.86,67.14,-1.7995220844433046,TOP_CHNL_TOT_PMNT_RAT_M1_avg
Totals, ,"22,202,406",100.0,7.49,92.51, ,TOP_CHNL_TOT_PMNT_RAT_M1_avg
1,"(-inf, 1.50)","15,885,238",71.55,6.89,93.11,0.0887180018233109,tot_acc
2,"[1.50, 2.50)","4,002,464",18.03,8.24,91.76,-0.1046503089416508,tot_acc
3,"[2.50, 3.50)","1,297,342",5.84,9.7,90.3,-0.2831417911594696,tot_acc
4,"[3.50, 4.50)","542,640",2.44,10.54,89.46,-0.3760361436388466,tot_acc
5,"[4.50, inf)","474,722",2.14,11.36,88.64,-0.4594806599147643,tot_acc
6,Missing,0,0.0,0.0,0.0,0.0,tot_acc
Totals, ,"22,202,406",100.0,7.49,92.51, ,tot_acc
1,"(-inf, 12.70)","12,286,642",55.34,4.27,95.73,0.594841967644069,USG_TOT_REV_avg
2,"[12.70, 16.50)","868,528",3.91,4.31,95.69,0.5851010357367352,USG_TOT_REV_avg
3,"[16.50, 21.24)","834,938",3.76,4.45,95.55,0.5528228681278078,USG_TOT_REV_avg
4,"[21.24, 24.39)","462,619",2.08,4.62,95.38,0.5142794223995999,USG_TOT_REV_avg
5,"[24.39, 33.25)","1,021,113",4.6,4.7,95.3,0.4945930638383466,USG_TOT_REV_avg
6,"[33.25, 43.99)","900,130",4.05,4.88,95.12,0.4567347197232134,USG_TOT_REV_avg
7,"[43.99, 49.30)","355,123",1.6,5.01,94.99,0.4285638828795641,USG_TOT_REV_avg
8,"[49.30, 73.96)","1,233,337",5.55,5.07,94.93,0.4162845674435691,USG_TOT_REV_avg
9,"[73.96, 90.99)","551,162",2.48,5.23,94.77,0.3819298176100449,USG_TOT_REV_avg
10,"[90.99, 243.84)","1,786,876",8.05,5.57,94.43,0.3168024527762609,USG_TOT_REV_avg
11,"[243.84, 394.05)","361,061",1.63,5.91,94.09,0.2539139516355373,USG_TOT_REV_avg
12,"[394.05, 459.50)","74,695",0.34,6.56,93.44,0.1414468274343998,USG_TOT_REV_avg
13,"[459.50, 1391.65)","205,442",0.93,7.47,92.53,0.0027307840415566,USG_TOT_REV_avg
14,"[1391.65, inf)","22,204",0.1,7.96,92.04,-0.0667762126626225,USG_TOT_REV_avg
15,Missing,"1,238,536",5.58,56.3,43.7,-2.7677562727889917,USG_TOT_REV_avg
Totals, ,"22,202,406",100.0,7.49,92.51, ,USG_TOT_REV_avg
1,"(-inf, 0.50)","30,871",0.14,2.4,97.6,1.1924343349717637,VO_MOB_MOU_FREE_M1
2,"[0.50, 683.50)","12,019,417",54.14,4.27,95.73,0.5956073356637299,VO_MOB_MOU_FREE_M1
3,"[683.50, 781.50)","913,205",4.11,4.29,95.71,0.5919446537824058,VO_MOB_MOU_FREE_M1
4,"[781.50, 1013.50)","1,297,291",5.84,4.36,95.64,0.573928679527703,VO_MOB_MOU_FREE_M1
5,"[1013.50, 1022.50)","34,071",0.15,4.56,95.44,0.5280548122225568,VO_MOB_MOU_FREE_M1
6,"[1022.50, 1214.50)","646,001",2.91,4.66,95.34,0.5053118909727465,VO_MOB_MOU_FREE_M1
7,"[1214.50, 1499.50)","781,209",3.52,4.69,95.31,0.4964092860887303,VO_MOB_MOU_FREE_M1
8,"[1499.50, 1805.50)","627,636",2.83,4.82,95.18,0.4684947226113634,VO_MOB_MOU_FREE_M1
9,"[1805.50, 2153.50)","535,859",2.41,4.99,95.01,0.4331228051132343,VO_MOB_MOU_FREE_M1
10,"[2153.50, 2614.50)","517,531",2.33,5.15,94.85,0.3981987086538749,VO_MOB_MOU_FREE_M1
11,"[2614.50, 2639.50)","23,413",0.11,5.19,94.81,0.3901650611518259,VO_MOB_MOU_FREE_M1
12,"[2639.50, 3000.50)","297,145",1.34,5.32,94.68,0.3650122567462466,VO_MOB_MOU_FREE_M1
13,"[3000.50, 3637.50)","371,250",1.67,5.67,94.33,0.2981846309727034,VO_MOB_MOU_FREE_M1
14,"[3637.50, 3906.50)","116,031",0.52,5.86,94.14,0.2620046093187693,VO_MOB_MOU_FREE_M1
15,"[3906.50, 4224.50)","114,185",0.51,5.94,94.06,0.2488748411266974,VO_MOB_MOU_FREE_M1
16,"[4224.50, 4647.50)","121,402",0.55,6.12,93.88,0.2163450181523201,VO_MOB_MOU_FREE_M1
17,"[4647.50, 5310.50)","140,752",0.63,6.34,93.66,0.1788874514205547,VO_MOB_MOU_FREE_M1
18,"[5310.50, 6319.50)","141,110",0.64,6.6,93.4,0.1355113281183011,VO_MOB_MOU_FREE_M1
19,"[6319.50, 9120.50)","187,389",0.84,6.84,93.16,0.0967534498979505,VO_MOB_MOU_FREE_M1
20,"[9120.50, 13288.50)","101,202",0.46,7.03,92.97,0.0682429728913485,VO_MOB_MOU_FREE_M1
21,"[13288.50, inf)","71,297",0.32,7.28,92.72,0.030939226060501,VO_MOB_MOU_FREE_M1
22,Missing,"3,114,139",14.03,25.63,74.37,-1.4489230217885378,VO_MOB_MOU_FREE_M1
Totals, ,"22,202,406",100.0,7.49,92.51, ,VO_MOB_MOU_FREE_M1
1,"(-inf, 98.50)","9,002,651",40.55,3.98,96.02,0.6683360770263329,VO_MOB_MOU_OFFNT_M1
2,"[98.50, 110.50)","566,091",2.55,4.03,95.97,0.6568420686080638,VO_MOB_MOU_OFFNT_M1
3,"[110.50, 127.50)","724,196",3.26,4.08,95.92,0.6427758410350637,VO_MOB_MOU_OFFNT_M1
4,"[127.50, 163.50)","1,286,716",5.8,4.15,95.85,0.6246054471053561,VO_MOB_MOU_OFFNT_M1
5,"[163.50, 183.50)","600,089",2.7,4.21,95.79,0.6113279893589723,VO_MOB_MOU_OFFNT_M1
6,"[183.50, 195.50)","327,826",1.48,4.27,95.73,0.5966758616635621,VO_MOB_MOU_OFFNT_M1
7,"[195.50, 225.50)","729,594",3.29,4.38,95.62,0.5702611112879188,VO_MOB_MOU_OFFNT_M1
8,"[225.50, 277.50)","1,016,647",4.58,4.52,95.48,0.5354605333564679,VO_MOB_MOU_OFFNT_M1
9,"[277.50, 294.50)","278,828",1.26,4.66,95.34,0.504966540449725,VO_MOB_MOU_OFFNT_M1
10,"[294.50, 334.50)","572,171",2.58,4.74,95.26,0.4854540073228675,VO_MOB_MOU_OFFNT_M1
11,"[334.50, 391.50)","652,325",2.94,4.91,95.09,0.4484107745360144,VO_MOB_MOU_OFFNT_M1
12,"[391.50, 404.50)","126,891",0.57,4.98,95.02,0.433628395745318,VO_MOB_MOU_OFFNT_M1
13,"[404.50, 477.50)","592,023",2.67,5.19,94.81,0.3916367821495017,VO_MOB_MOU_OFFNT_M1
14,"[477.50, 513.50)","232,795",1.05,5.37,94.63,0.3539995996131901,VO_MOB_MOU_OFFNT_M1
15,"[513.50, 544.50)","175,910",0.79,5.5,94.5,0.3302883513151147,VO_MOB_MOU_OFFNT_M1
16,"[544.50, 556.50)","62,681",0.28,5.55,94.45,0.3199851290175575,VO_MOB_MOU_OFFNT_M1
17,"[556.50, 607.50)","237,659",1.07,5.61,94.39,0.3090302543936087,VO_MOB_MOU_OFFNT_M1
18,"[607.50, 685.50)","290,723",1.31,5.78,94.22,0.2761062896135184,VO_MOB_MOU_OFFNT_M1
19,"[685.50, 812.50)","342,748",1.54,6.03,93.97,0.2315762157840559,VO_MOB_MOU_OFFNT_M1
20,"[812.50, 865.50)","109,331",0.49,6.17,93.83,0.2072007624009906,VO_MOB_MOU_OFFNT_M1
21,"[865.50, 1287.50)","497,391",2.24,6.3,93.7,0.1848000029391814,VO_MOB_MOU_OFFNT_M1
22,"[1287.50, 1432.50)","87,159",0.39,6.52,93.48,0.1478512346945564,VO_MOB_MOU_OFFNT_M1
23,"[1432.50, 1592.50)","71,886",0.32,6.67,93.33,0.1235807260951817,VO_MOB_MOU_OFFNT_M1
24,"[1592.50, 3156.50)","228,700",1.03,6.85,93.15,0.0954596445784603,VO_MOB_MOU_OFFNT_M1
25,"[3156.50, inf)","73,801",0.33,7.11,92.89,0.0557399712538382,VO_MOB_MOU_OFFNT_M1
26,Missing,"3,315,574",14.93,24.9,75.1,-1.410224276991983,VO_MOB_MOU_OFFNT_M1
Totals, ,"22,202,406",100.0,7.49,92.51, ,VO_MOB_MOU_OFFNT_M1
1,"(-inf, 663.50)","13,550,855",61.03,4.16,95.84,0.6237647933316892,VO_MOB_MOU_ONNT_M1
2,"[663.50, 746.50)","559,842",2.52,4.24,95.76,0.6036417922030397,VO_MOB_MOU_ONNT_M1
3,"[746.50, 836.50)","510,081",2.3,4.35,95.65,0.5767905091571253,VO_MOB_MOU_ONNT_M1
4,"[836.50, 853.50)","86,884",0.39,4.39,95.61,0.56623149597897,VO_MOB_MOU_ONNT_M1
5,"[853.50, 941.50)","412,275",1.86,4.46,95.54,0.5501404882722056,VO_MOB_MOU_ONNT_M1
6,"[941.50, 1041.50)","403,787",1.82,4.58,95.42,0.5212562815466768,VO_MOB_MOU_ONNT_M1
7,"[1041.50, 1291.50)","793,322",3.57,4.68,95.32,0.5000403824275867,VO_MOB_MOU_ONNT_M1
8,"[1291.50, 1456.50)","404,158",1.82,4.83,95.17,0.4663686372644409,VO_MOB_MOU_ONNT_M1
9,"[1456.50, 1664.50)","413,592",1.86,4.95,95.05,0.4410370928727114,VO_MOB_MOU_ONNT_M1
10,"[1664.50, 1867.50)","325,131",1.46,5.08,94.92,0.4136034268777724,VO_MOB_MOU_ONNT_M1
11,"[1867.50, 2050.50)","242,882",1.09,5.16,94.84,0.3963322428820555,VO_MOB_MOU_ONNT_M1
12,"[2050.50, 2108.50)","68,652",0.31,5.17,94.83,0.3956738754734847,VO_MOB_MOU_ONNT_M1
13,"[2108.50, 2349.50)","248,258",1.12,5.36,94.64,0.3573379983912241,VO_MOB_MOU_ONNT_M1
14,"[2349.50, 2387.50)","34,596",0.16,5.41,94.59,0.347440964588289,VO_MOB_MOU_ONNT_M1
15,"[2387.50, 2622.50)","191,257",0.86,5.45,94.55,0.3389334676737099,VO_MOB_MOU_ONNT_M1
16,"[2622.50, 2734.50)","79,365",0.36,5.69,94.31,0.2945603761112898,VO_MOB_MOU_ONNT_M1
17,"[2734.50, 2918.50)","115,621",0.52,5.76,94.24,0.2811233199126213,VO_MOB_MOU_ONNT_M1
18,"[2918.50, 3085.50)","91,038",0.41,5.76,94.24,0.2798300980273636,VO_MOB_MOU_ONNT_M1
19,"[3085.50, 3581.50)","211,556",0.95,5.9,94.1,0.2557598355307218,VO_MOB_MOU_ONNT_M1
20,"[3581.50, 4005.50)","130,794",0.59,6.2,93.8,0.2024202389769045,VO_MOB_MOU_ONNT_M1
21,"[4005.50, 4818.50)","170,463",0.77,6.29,93.71,0.1876280621405026,VO_MOB_MOU_ONNT_M1
22,"[4818.50, 5186.50)","54,674",0.25,6.55,93.45,0.1434813256262881,VO_MOB_MOU_ONNT_M1
23,"[5186.50, 5621.50)","52,381",0.24,6.74,93.26,0.11294796162682,VO_MOB_MOU_ONNT_M1
24,"[5621.50, 15473.50)","297,587",1.34,6.86,93.14,0.0934069807634139,VO_MOB_MOU_ONNT_M1
25,"[15473.50, inf)","38,226",0.17,7.21,92.79,0.0410727187065385,VO_MOB_MOU_ONNT_M1
26,Missing,"2,715,129",12.23,29.43,70.57,-1.6395452429580883,VO_MOB_MOU_ONNT_M1
Totals, ,"22,202,406",100.0,7.49,92.51, ,VO_MOB_MOU_ONNT_M1
